destCode,destName,orgCode,orgName,deptDateTime,arrvDateTime,price,currency,marktName,marktCode,optName,optCode,flightNum,duration,numConex,url
CVG,Cincinnati,DEN,Denver,2023-12-01T20:06,2023-12-02T00:42,46.05,USD,Frontier Airlines,F9,Frontier Airlines,F9,F94128,156.0,1,"https://flights-us.gotogate.com/air/DENCVG01DEC/1/-/d/c:Y?selectionKey=F94128-01Dec23-W,awkchl"
CVG,Cincinnati,DEN,Denver,2023-12-01T09:40,2023-12-01T14:27,128.12,USD,United Airlines,UA,United Airlines,UA,UA1978,167.0,1,"https://flights-us.gotogate.com/air/DENCVG01DEC/1/-/d/c:Y?selectionKey=UA1978-01Dec23-N,bgw6dt"
CVG,Cincinnati,DEN,Denver,2023-12-01T17:38,2023-12-01T22:25,128.12,USD,United Airlines,UA,United Airlines,UA,UA2629,167.0,1,"https://flights-us.gotogate.com/air/DENCVG01DEC/1/-/d/c:Y?selectionKey=UA2629-01Dec23-N,bdjdjf"
CVG,Cincinnati,DEN,Denver,2023-12-01T05:00,2023-12-01T12:27,131.04,USD,American Airlines,AA,American Airlines,AA,AA2612,327.0,3,"https://flights-us.gotogate.com/air/DENCVG01DEC/1/-/d/c:Y?selectionKey=AA2612-01Dec23-B_AA1581-01Dec23-B,1541r9c"
CVG,Cincinnati,DEN,Denver,2023-12-01T12:11,2023-12-01T19:47,129.5,USD,American Airlines,AA,American Airlines,AA,AA1328,336.0,3,"https://flights-us.gotogate.com/air/DENCVG01DEC/1/-/d/c:Y?selectionKey=AA1328-01Dec23-B_AA2021-01Dec23-B,151o2m1"
CVG,Cincinnati,DEN,Denver,2023-12-01T08:25,2023-12-01T16:32,129.5,USD,American Airlines,AA,American Airlines,AA,AA863,367.0,3,"https://flights-us.gotogate.com/air/DENCVG01DEC/1/-/d/c:Y?selectionKey=AA863-01Dec23-B_AA1915-01Dec23-B,13gs2l2"
CVG,Cincinnati,DEN,Denver,2023-12-01T07:12,2023-12-01T16:32,129.5,USD,American Airlines,AA,American Airlines,AA,AA573,440.0,3,"https://flights-us.gotogate.com/air/DENCVG01DEC/1/-/d/c:Y?selectionKey=AA573-01Dec23-B_AA1915-01Dec23-B,13e8ro4"
CVG,Cincinnati,DEN,Denver,2023-12-01T12:11,2023-12-01T21:47,129.5,USD,American Airlines,AA,American Airlines,AA,AA1328,456.0,3,"https://flights-us.gotogate.com/air/DENCVG01DEC/1/-/d/c:Y?selectionKey=AA1328-01Dec23-B_AA5134-01Dec23-B,15670ht"
CVG,Cincinnati,DEN,Denver,2023-12-01T14:19,2023-12-01T20:38,131.04,USD,American Airlines,AA,American Airlines,AA,AA2363,259.0,3,"https://flights-us.gotogate.com/air/DENCVG01DEC/1/-/d/c:Y?selectionKey=AA2363-01Dec23-B_AA3972-01Dec23-B,15b2lhl"
CVG,Cincinnati,DEN,Denver,2023-12-01T16:41,2023-12-01T23:59,131.04,USD,American Airlines,AA,American Airlines,AA,AA1832,318.0,3,"https://flights-us.gotogate.com/air/DENCVG01DEC/1/-/d/c:Y?selectionKey=AA1832-01Dec23-B_AA803-01Dec23-B,13190jy"
CVG,Cincinnati,DEN,Denver,2023-12-02T20:06,2023-12-03T00:42,35.84,USD,Frontier Airlines,F9,Frontier Airlines,F9,F94128,156.0,1,"https://flights-us.gotogate.com/air/DENCVG02DEC/1/-/d/c:Y?selectionKey=F94128-02Dec23-Z,axb1a5"
CVG,Cincinnati,DEN,Denver,2023-12-02T09:40,2023-12-02T14:27,97.25,USD,United Airlines,UA,United Airlines,UA,UA1978,167.0,1,"https://flights-us.gotogate.com/air/DENCVG02DEC/1/-/d/c:Y?selectionKey=UA1978-02Dec23-N,bha82a"
CVG,Cincinnati,DEN,Denver,2023-12-02T17:38,2023-12-02T22:25,97.25,USD,United Airlines,UA,United Airlines,UA,UA2629,167.0,1,"https://flights-us.gotogate.com/air/DENCVG02DEC/1/-/d/c:Y?selectionKey=UA2629-02Dec23-N,bdxf7w"
CVG,Cincinnati,DEN,Denver,2023-12-02T05:45,2023-12-02T10:25,35.84,USD,Frontier Airlines,F9,Frontier Airlines,F9,F93286,160.0,1,"https://flights-us.gotogate.com/air/DENCVG02DEC/1/-/d/c:Y?selectionKey=F93286-02Dec23-Z,azj3nl"
CVG,Cincinnati,DEN,Denver,2023-12-02T05:00,2023-12-02T12:27,100.67,USD,American Airlines,AA,American Airlines,AA,AA2612,327.0,3,"https://flights-us.gotogate.com/air/DENCVG02DEC/1/-/d/c:Y?selectionKey=AA2612-02Dec23-B_AA1581-02Dec23-B,155hq9u"
CVG,Cincinnati,DEN,Denver,2023-12-02T18:40,2023-12-03T19:33,94.04,USD,Sun Country,SY,Sun Country,SY,SY660,1373.0,3,"https://flights-us.gotogate.com/air/DENCVG02DEC/1/-/d/c:Y?selectionKey=SY660-02Dec23-Y_SY219-03Dec23-Y,13zfi3l"
CVG,Cincinnati,DEN,Denver,2023-12-02T07:12,2023-12-02T15:04,99.1,USD,American Airlines,AA,American Airlines,AA,AA573,352.0,3,"https://flights-us.gotogate.com/air/DENCVG02DEC/1/-/d/c:Y?selectionKey=AA573-02Dec23-B_AA5141-02Dec23-B,13d4175"
CVG,Cincinnati,DEN,Denver,2023-12-02T14:19,2023-12-02T21:05,100.67,USD,American Airlines,AA,American Airlines,AA,AA2363,286.0,3,"https://flights-us.gotogate.com/air/DENCVG02DEC/1/-/d/c:Y?selectionKey=AA2363-02Dec23-B_AA3690-02Dec23-B,15au62w"
CVG,Cincinnati,DEN,Denver,2023-12-02T16:41,2023-12-02T23:59,100.67,USD,American Airlines,AA,American Airlines,AA,AA1832,318.0,3,"https://flights-us.gotogate.com/air/DENCVG02DEC/1/-/d/c:Y?selectionKey=AA1832-02Dec23-B_AA803-02Dec23-B,132nl00"
CVG,Cincinnati,DEN,Denver,2023-12-02T12:08,2023-12-02T20:00,100.67,USD,American Airlines,AA,American Airlines,AA,AA2359,352.0,3,"https://flights-us.gotogate.com/air/DENCVG02DEC/1/-/d/c:Y?selectionKey=AA2359-02Dec23-B_AA799-02Dec23-B,13fhpur"
CVG,Cincinnati,DEN,Denver,2023-12-03T20:06,2023-12-04T00:42,45.99,USD,Frontier Airlines,F9,Frontier Airlines,F9,F94128,156.0,1,"https://flights-us.gotogate.com/air/DENCVG03DEC/1/-/d/c:Y?selectionKey=F94128-03Dec23-W,axcfuj"
CVG,Cincinnati,DEN,Denver,2023-12-03T17:38,2023-12-03T22:25,117.81,USD,United Airlines,UA,United Airlines,UA,UA2629,167.0,1,"https://flights-us.gotogate.com/air/DENCVG03DEC/1/-/d/c:Y?selectionKey=UA2629-03Dec23-N,bebgwd"
CVG,Cincinnati,DEN,Denver,2023-12-03T09:40,2023-12-03T14:27,117.83,USD,United Airlines,UA,United Airlines,UA,UA1978,167.0,1,"https://flights-us.gotogate.com/air/DENCVG03DEC/1/-/d/c:Y?selectionKey=UA1978-03Dec23-N,bho9qr"
CVG,Cincinnati,DEN,Denver,2023-12-03T05:00,2023-12-03T12:27,131.04,USD,American Airlines,AA,American Airlines,AA,AA2612,327.0,3,"https://flights-us.gotogate.com/air/DENCVG03DEC/1/-/d/c:Y?selectionKey=AA2612-03Dec23-B_AA1581-03Dec23-B,156xpac"
CVG,Cincinnati,DEN,Denver,2023-12-03T16:36,2023-12-03T23:59,130.98,USD,American Airlines,AA,American Airlines,AA,AA1832,323.0,3,"https://flights-us.gotogate.com/air/DENCVG03DEC/1/-/d/c:Y?selectionKey=AA1832-03Dec23-B_AA803-03Dec23-B,13425g2"
CVG,Cincinnati,DEN,Denver,2023-12-03T07:25,2023-12-03T15:54,131.04,USD,American Airlines,AA,American Airlines,AA,AA852,389.0,3,"https://flights-us.gotogate.com/air/DENCVG03DEC/1/-/d/c:Y?selectionKey=AA852-03Dec23-B_AA2345-03Dec23-B,13g1dsm"
CVG,Cincinnati,DEN,Denver,2023-12-03T05:30,2023-12-03T15:03,131.04,USD,American Airlines,AA,American Airlines,AA,AA2771,453.0,3,"https://flights-us.gotogate.com/air/DENCVG03DEC/1/-/d/c:Y?selectionKey=AA2771-03Dec23-B_AA6072-03Dec23-B,15efebu"
CVG,Cincinnati,DEN,Denver,2023-12-03T10:54,2023-12-03T20:38,131.04,USD,American Airlines,AA,American Airlines,AA,AA1647,464.0,3,"https://flights-us.gotogate.com/air/DENCVG03DEC/1/-/d/c:Y?selectionKey=AA1647-03Dec23-B_AA3972-03Dec23-B,15ioi8h"
CVG,Cincinnati,DEN,Denver,2023-12-03T06:00,2023-12-03T15:54,131.04,USD,American Airlines,AA,American Airlines,AA,AA1067,474.0,3,"https://flights-us.gotogate.com/air/DENCVG03DEC/1/-/d/c:Y?selectionKey=AA1067-03Dec23-B_AA2345-03Dec23-B,159cshy"
CVG,Cincinnati,DEN,Denver,2023-12-03T08:25,2023-12-03T16:32,160.19,USD,American Airlines,AA,American Airlines,AA,AA863,367.0,3,"https://flights-us.gotogate.com/air/DENCVG03DEC/1/-/d/c:Y?selectionKey=AA863-03Dec23-B_AA1915-03Dec23-B,13jo0m2"
CVG,Cincinnati,DEN,Denver,2023-12-04T20:46,2023-12-05T01:22,45.99,USD,Frontier Airlines,F9,Frontier Airlines,F9,F94128,156.0,1,"https://flights-us.gotogate.com/air/DENCVG04DEC/1/-/d/c:Y?selectionKey=F94128-04Dec23-W,axqhj0"
CVG,Cincinnati,DEN,Denver,2023-12-04T09:40,2023-12-04T14:27,117.81,USD,United Airlines,UA,United Airlines,UA,UA1978,167.0,1,"https://flights-us.gotogate.com/air/DENCVG04DEC/1/-/d/c:Y?selectionKey=UA1978-04Dec23-N,bi2bf8"
CVG,Cincinnati,DEN,Denver,2023-12-04T17:38,2023-12-04T22:25,117.81,USD,United Airlines,UA,United Airlines,UA,UA2629,167.0,1,"https://flights-us.gotogate.com/air/DENCVG04DEC/1/-/d/c:Y?selectionKey=UA2629-04Dec23-N,bepiku"
CVG,Cincinnati,DEN,Denver,2023-12-04T05:35,2023-12-04T10:15,45.99,USD,Frontier Airlines,F9,Frontier Airlines,F9,F93286,160.0,1,"https://flights-us.gotogate.com/air/DENCVG04DEC/1/-/d/c:Y?selectionKey=F93286-04Dec23-W,azyjwg"
CVG,Cincinnati,DEN,Denver,2023-12-04T05:00,2023-12-04T12:27,120.85,USD,American Airlines,AA,American Airlines,AA,AA2612,327.0,3,"https://flights-us.gotogate.com/air/DENCVG04DEC/1/-/d/c:Y?selectionKey=AA2612-04Dec23-B_AA1581-04Dec23-B,158doau"
CVG,Cincinnati,DEN,Denver,2023-12-04T16:07,2023-12-04T23:54,119.32,USD,American Airlines,AA,American Airlines,AA,AA1283,347.0,3,"https://flights-us.gotogate.com/air/DENCVG04DEC/1/-/d/c:Y?selectionKey=AA1283-04Dec23-B_AA2021-04Dec23-B,1565lxb"
CVG,Cincinnati,DEN,Denver,2023-12-04T08:25,2023-12-04T16:32,119.32,USD,American Airlines,AA,American Airlines,AA,AA863,367.0,3,"https://flights-us.gotogate.com/air/DENCVG04DEC/1/-/d/c:Y?selectionKey=AA863-04Dec23-B_AA1915-04Dec23-B,13l3zmk"
CVG,Cincinnati,DEN,Denver,2023-12-04T07:12,2023-12-04T16:32,119.32,USD,American Airlines,AA,American Airlines,AA,AA573,440.0,3,"https://flights-us.gotogate.com/air/DENCVG04DEC/1/-/d/c:Y?selectionKey=AA573-04Dec23-B_AA1915-04Dec23-B,13ikopm"
CVG,Cincinnati,DEN,Denver,2023-12-04T08:25,2023-12-04T18:39,119.32,USD,American Airlines,AA,American Airlines,AA,AA863,494.0,3,"https://flights-us.gotogate.com/air/DENCVG04DEC/1/-/d/c:Y?selectionKey=AA863-04Dec23-B_AA1008-04Dec23-B,13gth5h"
CVG,Cincinnati,DEN,Denver,2023-12-04T14:19,2023-12-04T20:38,120.85,USD,American Airlines,AA,American Airlines,AA,AA2363,259.0,3,"https://flights-us.gotogate.com/air/DENCVG04DEC/1/-/d/c:Y?selectionKey=AA2363-04Dec23-B_AA3972-04Dec23-B,15feij3"
CVG,Cincinnati,DEN,Denver,2023-12-05T20:06,2023-12-06T00:42,35.76,USD,Frontier Airlines,F9,Frontier Airlines,F9,F94128,156.0,1,"https://flights-us.gotogate.com/air/DENCVG05DEC/1/-/d/c:Y?selectionKey=F94128-05Dec23-Z,ayh6bk"
CVG,Cincinnati,DEN,Denver,2023-12-05T17:38,2023-12-05T22:25,97.21,USD,United Airlines,UA,United Airlines,UA,UA2629,167.0,1,"https://flights-us.gotogate.com/air/DENCVG05DEC/1/-/d/c:Y?selectionKey=UA2629-05Dec23-N,bf3k9b"
CVG,Cincinnati,DEN,Denver,2023-12-05T09:40,2023-12-05T14:27,97.23,USD,United Airlines,UA,United Airlines,UA,UA1978,167.0,1,"https://flights-us.gotogate.com/air/DENCVG05DEC/1/-/d/c:Y?selectionKey=UA1978-05Dec23-N,bigd3p"
CVG,Cincinnati,DEN,Denver,2023-12-05T16:47,2023-12-06T00:17,100.59,USD,American Airlines,AA,American Airlines,AA,AA1832,330.0,3,"https://flights-us.gotogate.com/air/DENCVG05DEC/1/-/d/c:Y?selectionKey=AA1832-05Dec23-B_AA803-05Dec23-B,136vac6"
CVG,Cincinnati,DEN,Denver,2023-12-05T12:17,2023-12-05T20:15,100.61,USD,American Airlines,AA,American Airlines,AA,AA2836,358.0,3,"https://flights-us.gotogate.com/air/DENCVG05DEC/1/-/d/c:Y?selectionKey=AA2836-05Dec23-B_AA799-05Dec23-B,13k0nqh"
CVG,Cincinnati,DEN,Denver,2023-12-05T13:55,2023-12-05T22:33,100.61,USD,American Airlines,AA,American Airlines,AA,AA2363,398.0,3,"https://flights-us.gotogate.com/air/DENCVG05DEC/1/-/d/c:Y?selectionKey=AA2363-05Dec23-B_AA3690-05Dec23-B,15f634e"
CVG,Cincinnati,DEN,Denver,2023-12-05T14:51,2023-12-06T00:17,100.61,USD,American Airlines,AA,American Airlines,AA,AA420,446.0,3,"https://flights-us.gotogate.com/air/DENCVG05DEC/1/-/d/c:Y?selectionKey=AA420-05Dec23-B_AA803-05Dec23-B,1149kgt"
CVG,Cincinnati,DEN,Denver,2023-12-05T10:38,2023-12-05T20:15,100.61,USD,American Airlines,AA,American Airlines,AA,AA2357,457.0,3,"https://flights-us.gotogate.com/air/DENCVG05DEC/1/-/d/c:Y?selectionKey=AA2357-05Dec23-B_AA799-05Dec23-B,13hfy93"
CVG,Cincinnati,DEN,Denver,2023-12-05T07:25,2023-12-05T15:43,207.14,USD,American Airlines,AA,American Airlines,AA,AA852,378.0,3,"https://flights-us.gotogate.com/air/DENCVG05DEC/1/-/d/c:Y?selectionKey=AA852-05Dec23-B_AA2345-05Dec23-B,13ixbtm"
CVG,Cincinnati,DEN,Denver,2023-12-05T05:56,2023-12-05T15:43,207.14,USD,American Airlines,AA,American Airlines,AA,AA1067,467.0,3,"https://flights-us.gotogate.com/air/DENCVG05DEC/1/-/d/c:Y?selectionKey=AA1067-05Dec23-B_AA2345-05Dec23-B,15c8qiy"
CHI,Chicago,DEN,Denver,2023-12-01T21:27,2023-12-02T00:44,35.84,USD,Frontier Airlines,F9,Frontier Airlines,F9,F91176,137.0,1,"https://flights-us.gotogate.com/air/DENCHI01DEC/1/-/d/c:Y?selectionKey=F91176-01Dec23-Z,awrdbw"
CHI,Chicago,DEN,Denver,2023-12-01T14:19,2023-12-01T17:44,121.67,USD,American Airlines,AA,American Airlines,AA,AA2363,145.0,1,"https://flights-us.gotogate.com/air/DENCHI01DEC/1/-/d/c:Y?selectionKey=AA2363-01Dec23-B,avh0km"
CHI,Chicago,DEN,Denver,2023-12-01T05:30,2023-12-01T08:58,121.67,USD,American Airlines,AA,American Airlines,AA,AA2771,148.0,1,"https://flights-us.gotogate.com/air/DENCHI01DEC/1/-/d/c:Y?selectionKey=AA2771-01Dec23-B,axcfu1"
CHI,Chicago,DEN,Denver,2023-12-01T10:54,2023-12-01T14:20,121.67,USD,American Airlines,AA,American Airlines,AA,AA1647,146.0,1,"https://flights-us.gotogate.com/air/DENCHI01DEC/1/-/d/c:Y?selectionKey=AA1647-01Dec23-B,axjgoa"
CHI,Chicago,DEN,Denver,2023-12-01T20:30,2023-12-01T23:57,128.12,USD,United Airlines,UA,United Airlines,UA,UA377,147.0,1,"https://flights-us.gotogate.com/air/DENCHI01DEC/1/-/d/c:Y?selectionKey=UA377-01Dec23-N,accqag"
CHI,Chicago,DEN,Denver,2023-12-01T08:05,2023-12-01T11:33,128.12,USD,United Airlines,UA,United Airlines,UA,UA2679,148.0,1,"https://flights-us.gotogate.com/air/DENCHI01DEC/1/-/d/c:Y?selectionKey=UA2679-01Dec23-N,bg9pao"
CHI,Chicago,DEN,Denver,2023-12-01T15:17,2023-12-01T18:46,128.12,USD,United Airlines,UA,United Airlines,UA,UA233,149.0,1,"https://flights-us.gotogate.com/air/DENCHI01DEC/1/-/d/c:Y?selectionKey=UA233-01Dec23-N,a7jyfj"
CHI,Chicago,DEN,Denver,2023-12-01T15:50,2023-12-01T19:20,128.12,USD,United Airlines,UA,United Airlines,UA,UA1612,150.0,1,"https://flights-us.gotogate.com/air/DENCHI01DEC/1/-/d/c:Y?selectionKey=UA1612-01Dec23-N,b8tete"
CHI,Chicago,DEN,Denver,2023-12-01T17:45,2023-12-01T21:18,128.12,USD,United Airlines,UA,United Airlines,UA,UA1898,153.0,1,"https://flights-us.gotogate.com/air/DENCHI01DEC/1/-/d/c:Y?selectionKey=UA1898-01Dec23-N,bhefrm"
CHI,Chicago,DEN,Denver,2023-12-01T13:40,2023-12-01T17:10,174.32,USD,United Airlines,UA,United Airlines,UA,UA617,150.0,1,"https://flights-us.gotogate.com/air/DENCHI01DEC/1/-/d/c:Y?selectionKey=UA617-01Dec23-T,abj8d7"
CHI,Chicago,DEN,Denver,2023-12-02T21:27,2023-12-03T00:44,25.67,USD,Frontier Airlines,F9,Frontier Airlines,F9,F91176,137.0,1,"https://flights-us.gotogate.com/air/DENCHI02DEC/1/-/d/c:Y?selectionKey=F91176-02Dec23-K,ave7fy"
CHI,Chicago,DEN,Denver,2023-12-02T14:19,2023-12-02T17:44,91.2,USD,American Airlines,AA,American Airlines,AA,AA2363,145.0,1,"https://flights-us.gotogate.com/air/DENCHI02DEC/1/-/d/c:Y?selectionKey=AA2363-02Dec23-B,avv293"
CHI,Chicago,DEN,Denver,2023-12-02T05:29,2023-12-02T08:57,91.2,USD,American Airlines,AA,American Airlines,AA,AA2771,148.0,1,"https://flights-us.gotogate.com/air/DENCHI02DEC/1/-/d/c:Y?selectionKey=AA2771-02Dec23-B,axqhii"
CHI,Chicago,DEN,Denver,2023-12-02T20:30,2023-12-02T23:57,97.25,USD,United Airlines,UA,United Airlines,UA,UA377,147.0,1,"https://flights-us.gotogate.com/air/DENCHI02DEC/1/-/d/c:Y?selectionKey=UA377-02Dec23-N,acqryx"
CHI,Chicago,DEN,Denver,2023-12-02T08:05,2023-12-02T11:33,97.25,USD,United Airlines,UA,United Airlines,UA,UA2679,148.0,1,"https://flights-us.gotogate.com/air/DENCHI02DEC/1/-/d/c:Y?selectionKey=UA2679-02Dec23-N,bgnqz5"
CHI,Chicago,DEN,Denver,2023-12-02T15:17,2023-12-02T18:46,97.25,USD,United Airlines,UA,United Airlines,UA,UA233,149.0,1,"https://flights-us.gotogate.com/air/DENCHI02DEC/1/-/d/c:Y?selectionKey=UA233-02Dec23-N,a7y040"
CHI,Chicago,DEN,Denver,2023-12-02T15:50,2023-12-02T19:20,97.25,USD,United Airlines,UA,United Airlines,UA,UA1612,150.0,1,"https://flights-us.gotogate.com/air/DENCHI02DEC/1/-/d/c:Y?selectionKey=UA1612-02Dec23-N,b97ghv"
CHI,Chicago,DEN,Denver,2023-12-02T17:45,2023-12-02T21:18,97.25,USD,United Airlines,UA,United Airlines,UA,UA1898,153.0,1,"https://flights-us.gotogate.com/air/DENCHI02DEC/1/-/d/c:Y?selectionKey=UA1898-02Dec23-N,bhshg3"
CHI,Chicago,DEN,Denver,2023-12-02T11:20,2023-12-02T14:52,170.22,USD,United Airlines,UA,United Airlines,UA,UA478,152.0,1,"https://flights-us.gotogate.com/air/DENCHI02DEC/1/-/d/c:Y?selectionKey=UA478-02Dec23-T,aeje3l"
CHI,Chicago,DEN,Denver,2023-12-02T13:40,2023-12-02T17:10,185.7,USD,United Airlines,UA,United Airlines,UA,UA617,150.0,1,"https://flights-us.gotogate.com/air/DENCHI02DEC/1/-/d/c:Y?selectionKey=UA617-02Dec23-T,abxa1o"
CHI,Chicago,DEN,Denver,2023-12-03T21:27,2023-12-04T00:44,56.15,USD,Frontier Airlines,F9,Frontier Airlines,F9,F91176,137.0,1,"https://flights-us.gotogate.com/air/DENCHI03DEC/1/-/d/c:Y?selectionKey=F91176-03Dec23-G,avbeaz"
CHI,Chicago,DEN,Denver,2023-12-03T14:19,2023-12-03T17:44,162.28,USD,American Airlines,AA,American Airlines,AA,AA2363,145.0,1,"https://flights-us.gotogate.com/air/DENCHI03DEC/1/-/d/c:Y?selectionKey=AA2363-03Dec23-B,aw93xk"
CHI,Chicago,DEN,Denver,2023-12-03T05:30,2023-12-03T08:58,121.67,USD,American Airlines,AA,American Airlines,AA,AA2771,148.0,1,"https://flights-us.gotogate.com/air/DENCHI03DEC/1/-/d/c:Y?selectionKey=AA2771-03Dec23-B,ay4j6z"
CHI,Chicago,DEN,Denver,2023-12-03T08:05,2023-12-03T11:33,117.83,USD,United Airlines,UA,United Airlines,UA,UA2679,148.0,1,"https://flights-us.gotogate.com/air/DENCHI03DEC/1/-/d/c:Y?selectionKey=UA2679-03Dec23-N,bh1snm"
CHI,Chicago,DEN,Denver,2023-12-03T10:54,2023-12-03T14:20,121.67,USD,American Airlines,AA,American Airlines,AA,AA1647,146.0,1,"https://flights-us.gotogate.com/air/DENCHI03DEC/1/-/d/c:Y?selectionKey=AA1647-03Dec23-B,aybk18"
CHI,Chicago,DEN,Denver,2023-12-03T15:50,2023-12-03T19:20,133.28,USD,United Airlines,UA,United Airlines,UA,UA1612,150.0,1,"https://flights-us.gotogate.com/air/DENCHI03DEC/1/-/d/c:Y?selectionKey=UA1612-03Dec23-N,b9li6c"
CHI,Chicago,DEN,Denver,2023-12-03T17:45,2023-12-03T21:18,171.04,USD,United Airlines,UA,United Airlines,UA,UA1898,153.0,1,"https://flights-us.gotogate.com/air/DENCHI03DEC/1/-/d/c:Y?selectionKey=UA1898-03Dec23-L,bhy3pu"
CHI,Chicago,DEN,Denver,2023-12-03T15:17,2023-12-03T18:46,171.06,USD,United Airlines,UA,United Airlines,UA,UA233,149.0,1,"https://flights-us.gotogate.com/air/DENCHI03DEC/1/-/d/c:Y?selectionKey=UA233-03Dec23-L,a83mdr"
CHI,Chicago,DEN,Denver,2023-12-03T11:20,2023-12-03T14:52,171.06,USD,United Airlines,UA,United Airlines,UA,UA478,152.0,1,"https://flights-us.gotogate.com/air/DENCHI03DEC/1/-/d/c:Y?selectionKey=UA478-03Dec23-L,adzq56"
CHI,Chicago,DEN,Denver,2023-12-03T20:30,2023-12-03T23:57,199.8,USD,United Airlines,UA,United Airlines,UA,UA377,147.0,1,"https://flights-us.gotogate.com/air/DENCHI03DEC/1/-/d/c:Y?selectionKey=UA377-03Dec23-T,adu3vk"
CHI,Chicago,DEN,Denver,2023-12-04T21:27,2023-12-05T00:44,35.78,USD,Frontier Airlines,F9,Frontier Airlines,F9,F91176,137.0,1,"https://flights-us.gotogate.com/air/DENCHI04DEC/1/-/d/c:Y?selectionKey=F91176-04Dec23-Z,axxidb"
CHI,Chicago,DEN,Denver,2023-12-04T14:19,2023-12-04T17:44,101.35,USD,American Airlines,AA,American Airlines,AA,AA2363,145.0,1,"https://flights-us.gotogate.com/air/DENCHI04DEC/1/-/d/c:Y?selectionKey=AA2363-04Dec23-B,awn5m1"
CHI,Chicago,DEN,Denver,2023-12-04T05:30,2023-12-04T08:58,101.35,USD,American Airlines,AA,American Airlines,AA,AA2771,148.0,1,"https://flights-us.gotogate.com/air/DENCHI04DEC/1/-/d/c:Y?selectionKey=AA2771-04Dec23-B,ayikvg"
CHI,Chicago,DEN,Denver,2023-12-04T10:54,2023-12-04T14:20,101.35,USD,American Airlines,AA,American Airlines,AA,AA1647,146.0,1,"https://flights-us.gotogate.com/air/DENCHI04DEC/1/-/d/c:Y?selectionKey=AA1647-04Dec23-B,ayplpp"
CHI,Chicago,DEN,Denver,2023-12-04T20:30,2023-12-04T23:57,107.47,USD,United Airlines,UA,United Airlines,UA,UA377,147.0,1,"https://flights-us.gotogate.com/air/DENCHI04DEC/1/-/d/c:Y?selectionKey=UA377-04Dec23-N,adivbv"
CHI,Chicago,DEN,Denver,2023-12-04T08:05,2023-12-04T11:33,107.47,USD,United Airlines,UA,United Airlines,UA,UA2679,148.0,1,"https://flights-us.gotogate.com/air/DENCHI04DEC/1/-/d/c:Y?selectionKey=UA2679-04Dec23-N,bhfuc3"
CHI,Chicago,DEN,Denver,2023-12-04T15:50,2023-12-04T19:20,107.47,USD,United Airlines,UA,United Airlines,UA,UA1612,150.0,1,"https://flights-us.gotogate.com/air/DENCHI04DEC/1/-/d/c:Y?selectionKey=UA1612-04Dec23-N,b9zjut"
CHI,Chicago,DEN,Denver,2023-12-04T17:45,2023-12-04T21:18,107.47,USD,United Airlines,UA,United Airlines,UA,UA1898,153.0,1,"https://flights-us.gotogate.com/air/DENCHI04DEC/1/-/d/c:Y?selectionKey=UA1898-04Dec23-N,bikkt1"
CHI,Chicago,DEN,Denver,2023-12-04T15:17,2023-12-04T18:46,133.26,USD,United Airlines,UA,United Airlines,UA,UA233,149.0,1,"https://flights-us.gotogate.com/air/DENCHI04DEC/1/-/d/c:Y?selectionKey=UA233-04Dec23-N,a8q3gy"
CHI,Chicago,DEN,Denver,2023-12-04T13:40,2023-12-04T17:10,262.84,USD,United Airlines,UA,United Airlines,UA,UA617,150.0,1,"https://flights-us.gotogate.com/air/DENCHI04DEC/1/-/d/c:Y?selectionKey=UA617-04Dec23-W,ad20ip"
CHI,Chicago,DEN,Denver,2023-12-05T21:27,2023-12-06T00:44,25.59,USD,Frontier Airlines,F9,Frontier Airlines,F9,F92210,137.0,1,"https://flights-us.gotogate.com/air/DENCHI05DEC/1/-/d/c:Y?selectionKey=F92210-05Dec23-K,argc2v"
CHI,Chicago,DEN,Denver,2023-12-05T20:30,2023-12-05T23:57,97.21,USD,United Airlines,UA,United Airlines,UA,UA377,147.0,1,"https://flights-us.gotogate.com/air/DENCHI05DEC/1/-/d/c:Y?selectionKey=UA377-05Dec23-N,adwx0c"
CHI,Chicago,DEN,Denver,2023-12-05T08:05,2023-12-05T11:33,97.23,USD,United Airlines,UA,United Airlines,UA,UA2679,148.0,1,"https://flights-us.gotogate.com/air/DENCHI05DEC/1/-/d/c:Y?selectionKey=UA2679-05Dec23-N,bhtw0k"
CHI,Chicago,DEN,Denver,2023-12-05T10:59,2023-12-05T14:29,91.14,USD,American Airlines,AA,American Airlines,AA,AA1647,150.0,1,"https://flights-us.gotogate.com/air/DENCHI05DEC/1/-/d/c:Y?selectionKey=AA1647-05Dec23-B,az3ne6"
CHI,Chicago,DEN,Denver,2023-12-05T13:55,2023-12-05T17:28,91.14,USD,American Airlines,AA,American Airlines,AA,AA2363,153.0,1,"https://flights-us.gotogate.com/air/DENCHI05DEC/1/-/d/c:Y?selectionKey=AA2363-05Dec23-B,ax17ai"
CHI,Chicago,DEN,Denver,2023-12-05T17:45,2023-12-05T21:18,97.21,USD,United Airlines,UA,United Airlines,UA,UA1898,153.0,1,"https://flights-us.gotogate.com/air/DENCHI05DEC/1/-/d/c:Y?selectionKey=UA1898-05Dec23-N,biymhi"
CHI,Chicago,DEN,Denver,2023-12-05T15:17,2023-12-05T18:46,97.23,USD,United Airlines,UA,United Airlines,UA,UA233,149.0,1,"https://flights-us.gotogate.com/air/DENCHI05DEC/1/-/d/c:Y?selectionKey=UA233-05Dec23-N,a9455f"
CHI,Chicago,DEN,Denver,2023-12-05T15:50,2023-12-05T19:20,97.23,USD,United Airlines,UA,United Airlines,UA,UA1612,150.0,1,"https://flights-us.gotogate.com/air/DENCHI05DEC/1/-/d/c:Y?selectionKey=UA1612-05Dec23-N,badlja"
CHI,Chicago,DEN,Denver,2023-12-05T13:40,2023-12-05T17:10,170.2,USD,United Airlines,UA,United Airlines,UA,UA617,150.0,1,"https://flights-us.gotogate.com/air/DENCHI05DEC/1/-/d/c:Y?selectionKey=UA617-05Dec23-T,ad3f33"
CHI,Chicago,DEN,Denver,2023-12-05T09:40,2023-12-05T13:13,170.2,USD,United Airlines,UA,United Airlines,UA,UA2329,153.0,1,"https://flights-us.gotogate.com/air/DENCHI05DEC/1/-/d/c:Y?selectionKey=UA2329-05Dec23-T,be1mxe"
CHI,Chicago,CVG,Cincinnati,2023-12-01T07:05,2023-12-01T07:31,164.33,USD,American Airlines,AA,Envoy Air As American Eagle,AA,AA4094,86.0,1,"https://flights-us.gotogate.com/air/CVGCHI01DEC/1/-/d/c:Y?selectionKey=AA4094-01Dec23-B,ax40fd"
CHI,Chicago,CVG,Cincinnati,2023-12-01T08:33,2023-12-01T08:59,164.33,USD,American Airlines,AA,Envoy Air As American Eagle,AA,AA3826,86.0,1,"https://flights-us.gotogate.com/air/CVGCHI01DEC/1/-/d/c:Y?selectionKey=AA3826-01Dec23-B,aycyln"
CHI,Chicago,CVG,Cincinnati,2023-12-01T17:00,2023-12-01T17:27,164.33,USD,American Airlines,AA,Republic Airways As American Eagle,AA,AA4777,87.0,1,"https://flights-us.gotogate.com/air/CVGCHI01DEC/1/-/d/c:Y?selectionKey=AA4777-01Dec23-B,b1myb5"
CHI,Chicago,CVG,Cincinnati,2023-12-01T15:40,2023-12-01T16:11,164.33,USD,American Airlines,AA,Air Wisconsin As American Eagle,AA,AA6072,91.0,1,"https://flights-us.gotogate.com/air/CVGCHI01DEC/1/-/d/c:Y?selectionKey=AA6072-01Dec23-B,aw93xj"
CHI,Chicago,CVG,Cincinnati,2023-12-01T07:15,2023-12-01T07:44,171.24,USD,United Airlines,UA,United Airlines,UA,UA1251,89.0,1,"https://flights-us.gotogate.com/air/CVGCHI01DEC/1/-/d/c:Y?selectionKey=UA1251-01Dec23-N,b85j5t"
CHI,Chicago,CVG,Cincinnati,2023-12-01T13:33,2023-12-01T14:05,171.24,USD,United Airlines,UA,Skywest Airlines,OO,UA5797,92.0,1,"https://flights-us.gotogate.com/air/CVGCHI01DEC/1/-/d/c:Y?selectionKey=UA5797-01Dec23-N,bit07o"
CHI,Chicago,CVG,Cincinnati,2023-12-01T18:21,2023-12-01T18:55,171.24,USD,United Airlines,UA,United Airlines,UA,UA1805,94.0,1,"https://flights-us.gotogate.com/air/CVGCHI01DEC/1/-/d/c:Y?selectionKey=UA1805-01Dec23-N,bayo1y"
CHI,Chicago,CVG,Cincinnati,2023-12-01T11:00,2023-12-01T11:36,216.51,USD,United Airlines,UA,Gojet Airlines,G7,UA4173,96.0,1,"https://flights-us.gotogate.com/air/CVGCHI01DEC/1/-/d/c:Y?selectionKey=UA4173-01Dec23-W,bclnww"
CHI,Chicago,CVG,Cincinnati,2023-12-01T11:00,2023-12-01T11:31,343.39,USD,American Airlines,AA,Air Wisconsin As American Eagle,AA,AA6075,91.0,1,"https://flights-us.gotogate.com/air/CVGCHI01DEC/1/-/d/c:Y?selectionKey=AA6075-01Dec23-L,ayy14k"
CHI,Chicago,CVG,Cincinnati,2023-12-01T06:18,2023-12-01T10:10,172.22,USD,American Airlines,AA,American Airlines,AA,AA2747,292.0,3,"https://flights-us.gotogate.com/air/CVGCHI01DEC/1/-/d/c:Y?selectionKey=AA2747-01Dec23-B_AA1668-01Dec23-B,15htlqn"
CHI,Chicago,CVG,Cincinnati,2023-12-02T11:05,2023-12-02T11:29,91.2,USD,American Airlines,AA,Envoy Air As American Eagle,AA,AA3490,84.0,1,"https://flights-us.gotogate.com/air/CVGCHI02DEC/1/-/d/c:Y?selectionKey=AA3490-02Dec23-B,ax6tk9"
CHI,Chicago,CVG,Cincinnati,2023-12-02T07:15,2023-12-02T07:44,97.25,USD,United Airlines,UA,United Airlines,UA,UA1251,89.0,1,"https://flights-us.gotogate.com/air/CVGCHI02DEC/1/-/d/c:Y?selectionKey=UA1251-02Dec23-N,b8jkua"
CHI,Chicago,CVG,Cincinnati,2023-12-02T17:00,2023-12-02T17:27,91.2,USD,American Airlines,AA,Republic Airways As American Eagle,AA,AA4777,87.0,1,"https://flights-us.gotogate.com/air/CVGCHI02DEC/1/-/d/c:Y?selectionKey=AA4777-02Dec23-B,b20zzm"
CHI,Chicago,CVG,Cincinnati,2023-12-02T15:40,2023-12-02T16:11,91.2,USD,American Airlines,AA,Air Wisconsin As American Eagle,AA,AA6072,91.0,1,"https://flights-us.gotogate.com/air/CVGCHI02DEC/1/-/d/c:Y?selectionKey=AA6072-02Dec23-B,awn5m0"
CHI,Chicago,CVG,Cincinnati,2023-12-02T11:00,2023-12-02T11:36,97.25,USD,United Airlines,UA,Gojet Airlines,G7,UA4173,96.0,1,"https://flights-us.gotogate.com/air/CVGCHI02DEC/1/-/d/c:Y?selectionKey=UA4173-02Dec23-N,bbxs94"
CHI,Chicago,CVG,Cincinnati,2023-12-02T18:21,2023-12-02T18:59,97.25,USD,United Airlines,UA,Skywest Airlines,OO,UA5228,98.0,1,"https://flights-us.gotogate.com/air/CVGCHI02DEC/1/-/d/c:Y?selectionKey=UA5228-02Dec23-N,bcyb0q"
CHI,Chicago,CVG,Cincinnati,2023-12-02T08:33,2023-12-02T08:59,343.39,USD,American Airlines,AA,Envoy Air As American Eagle,AA,AA3826,86.0,1,"https://flights-us.gotogate.com/air/CVGCHI02DEC/1/-/d/c:Y?selectionKey=AA3826-02Dec23-L,azx5bq"
CHI,Chicago,CVG,Cincinnati,2023-12-02T08:00,2023-12-02T12:17,100.67,USD,American Airlines,AA,Psa Airlines As American Eagle,AA,AA5578,317.0,3,"https://flights-us.gotogate.com/air/CVGCHI02DEC/1/-/d/c:Y?selectionKey=AA5578-02Dec23-B_AA1920-02Dec23-B,15kxz65"
CHI,Chicago,CVG,Cincinnati,2023-12-02T08:00,2023-12-02T13:31,100.67,USD,American Airlines,AA,Psa Airlines As American Eagle,AA,AA5578,391.0,3,"https://flights-us.gotogate.com/air/CVGCHI02DEC/1/-/d/c:Y?selectionKey=AA5578-02Dec23-B_AA2700-02Dec23-B,15jazbe"
CHI,Chicago,CVG,Cincinnati,2023-12-02T05:25,2023-12-02T11:15,100.67,USD,American Airlines,AA,American Airlines,AA,AA807,410.0,3,"https://flights-us.gotogate.com/air/CVGCHI02DEC/1/-/d/c:Y?selectionKey=AA807-02Dec23-B_AA328-02Dec23-B,11b66zm"
CHI,Chicago,CVG,Cincinnati,2023-12-03T08:33,2023-12-03T08:59,153.25,USD,American Airlines,AA,Envoy Air As American Eagle,AA,AA3826,86.0,1,"https://flights-us.gotogate.com/air/CVGCHI03DEC/1/-/d/c:Y?selectionKey=AA3826-03Dec23-B,az51yl"
CHI,Chicago,CVG,Cincinnati,2023-12-03T07:05,2023-12-03T07:31,247.02,USD,American Airlines,AA,Envoy Air As American Eagle,AA,AA4094,86.0,1,"https://flights-us.gotogate.com/air/CVGCHI03DEC/1/-/d/c:Y?selectionKey=AA4094-03Dec23-V,b08dvj"
CHI,Chicago,CVG,Cincinnati,2023-12-03T07:15,2023-12-03T07:44,149.64,USD,United Airlines,UA,United Airlines,UA,UA1251,89.0,1,"https://flights-us.gotogate.com/air/CVGCHI03DEC/1/-/d/c:Y?selectionKey=UA1251-03Dec23-N,b8xmir"
CHI,Chicago,CVG,Cincinnati,2023-12-03T18:21,2023-12-03T18:55,149.63,USD,United Airlines,UA,United Airlines,UA,UA1805,94.0,1,"https://flights-us.gotogate.com/air/CVGCHI03DEC/1/-/d/c:Y?selectionKey=UA1805-03Dec23-N,bbqrew"
CHI,Chicago,CVG,Cincinnati,2023-12-03T13:33,2023-12-03T14:05,149.64,USD,United Airlines,UA,Skywest Airlines,OO,UA5797,92.0,1,"https://flights-us.gotogate.com/air/CVGCHI03DEC/1/-/d/c:Y?selectionKey=UA5797-03Dec23-N,bjl3km"
CHI,Chicago,CVG,Cincinnati,2023-12-03T11:00,2023-12-03T11:36,149.64,USD,United Airlines,UA,Gojet Airlines,G7,UA4173,96.0,1,"https://flights-us.gotogate.com/air/CVGCHI03DEC/1/-/d/c:Y?selectionKey=UA4173-03Dec23-N,bcbtxl"
CHI,Chicago,CVG,Cincinnati,2023-12-03T17:00,2023-12-03T17:27,153.25,USD,American Airlines,AA,Republic Airways As American Eagle,AA,AA4777,87.0,1,"https://flights-us.gotogate.com/air/CVGCHI03DEC/1/-/d/c:Y?selectionKey=AA4777-03Dec23-B,b2f1o3"
CHI,Chicago,CVG,Cincinnati,2023-12-03T11:00,2023-12-03T11:31,153.25,USD,American Airlines,AA,Air Wisconsin As American Eagle,AA,AA6075,91.0,1,"https://flights-us.gotogate.com/air/CVGCHI03DEC/1/-/d/c:Y?selectionKey=AA6075-03Dec23-B,ayjzfw"
CHI,Chicago,CVG,Cincinnati,2023-12-03T15:40,2023-12-03T16:11,433.59,USD,American Airlines,AA,Air Wisconsin As American Eagle,AA,AA6072,91.0,1,"https://flights-us.gotogate.com/air/CVGCHI03DEC/1/-/d/c:Y?selectionKey=AA6072-03Dec23-M,aybk1g"
CHI,Chicago,CVG,Cincinnati,2023-12-03T06:30,2023-12-04T09:43,111.25,USD,Allegiant Air,G4,Allegiant Air,G4,G4366,1693.0,3,"https://flights-us.gotogate.com/air/CVGCHI03DEC/1/-/d/c:Y?selectionKey=G4366-03Dec23-Y_NK1-04Dec23-Y,xuiaim"
CHI,Chicago,CVG,Cincinnati,2023-12-04T17:00,2023-12-04T17:27,111.37,USD,American Airlines,AA,Republic Airways As American Eagle,AA,AA4777,87.0,1,"https://flights-us.gotogate.com/air/CVGCHI04DEC/1/-/d/c:Y?selectionKey=AA4777-04Dec23-B,b2t3ck"
CHI,Chicago,CVG,Cincinnati,2023-12-04T08:33,2023-12-04T08:59,236.88,USD,American Airlines,AA,Envoy Air As American Eagle,AA,AA3826,86.0,1,"https://flights-us.gotogate.com/air/CVGCHI04DEC/1/-/d/c:Y?selectionKey=AA3826-04Dec23-V,b1vdqa"
CHI,Chicago,CVG,Cincinnati,2023-12-04T07:05,2023-12-04T07:31,343.33,USD,American Airlines,AA,Envoy Air As American Eagle,AA,AA4094,86.0,1,"https://flights-us.gotogate.com/air/CVGCHI04DEC/1/-/d/c:Y?selectionKey=AA4094-04Dec23-L,azgaie"
CHI,Chicago,CVG,Cincinnati,2023-12-04T15:40,2023-12-04T16:11,111.37,USD,American Airlines,AA,Air Wisconsin As American Eagle,AA,AA6072,91.0,1,"https://flights-us.gotogate.com/air/CVGCHI04DEC/1/-/d/c:Y?selectionKey=AA6072-04Dec23-B,axf8yy"
CHI,Chicago,CVG,Cincinnati,2023-12-04T07:15,2023-12-04T07:44,117.81,USD,United Airlines,UA,United Airlines,UA,UA1251,89.0,1,"https://flights-us.gotogate.com/air/CVGCHI04DEC/1/-/d/c:Y?selectionKey=UA1251-04Dec23-N,b9bo78"
CHI,Chicago,CVG,Cincinnati,2023-12-04T13:33,2023-12-04T14:05,117.81,USD,United Airlines,UA,Skywest Airlines,OO,UA5797,92.0,1,"https://flights-us.gotogate.com/air/CVGCHI04DEC/1/-/d/c:Y?selectionKey=UA5797-04Dec23-N,bjz593"
CHI,Chicago,CVG,Cincinnati,2023-12-04T18:21,2023-12-04T18:55,117.81,USD,United Airlines,UA,United Airlines,UA,UA1805,94.0,1,"https://flights-us.gotogate.com/air/CVGCHI04DEC/1/-/d/c:Y?selectionKey=UA1805-04Dec23-N,bc4t3d"
CHI,Chicago,CVG,Cincinnati,2023-12-04T11:00,2023-12-04T11:31,142.96,USD,American Airlines,AA,Air Wisconsin As American Eagle,AA,AA6075,91.0,1,"https://flights-us.gotogate.com/air/CVGCHI04DEC/1/-/d/c:Y?selectionKey=AA6075-04Dec23-B,ayy14d"
CHI,Chicago,CVG,Cincinnati,2023-12-04T11:00,2023-12-04T11:36,245.97,USD,United Airlines,UA,Gojet Airlines,G7,UA4173,96.0,1,"https://flights-us.gotogate.com/air/CVGCHI04DEC/1/-/d/c:Y?selectionKey=UA4173-04Dec23-Q,bd2iq5"
CHI,Chicago,CVG,Cincinnati,2023-12-04T06:18,2023-12-04T10:10,119.32,USD,American Airlines,AA,American Airlines,AA,AA2747,292.0,3,"https://flights-us.gotogate.com/air/CVGCHI04DEC/1/-/d/c:Y?selectionKey=AA2747-04Dec23-B_AA1668-04Dec23-B,15m5is5"
CHI,Chicago,CVG,Cincinnati,2023-12-05T07:04,2023-12-05T07:35,91.14,USD,American Airlines,AA,Envoy Air As American Eagle,AA,AA4094,91.0,1,"https://flights-us.gotogate.com/air/CVGCHI05DEC/1/-/d/c:Y?selectionKey=AA4094-05Dec23-B,ayo759"
CHI,Chicago,CVG,Cincinnati,2023-12-05T07:15,2023-12-05T07:44,97.23,USD,United Airlines,UA,United Airlines,UA,UA1251,89.0,1,"https://flights-us.gotogate.com/air/CVGCHI05DEC/1/-/d/c:Y?selectionKey=UA1251-05Dec23-N,b9ppvp"
CHI,Chicago,CVG,Cincinnati,2023-12-05T12:48,2023-12-05T13:20,91.14,USD,American Airlines,AA,Air Wisconsin As American Eagle,AA,AA6075,92.0,1,"https://flights-us.gotogate.com/air/CVGCHI05DEC/1/-/d/c:Y?selectionKey=AA6075-05Dec23-B,azc2su"
CHI,Chicago,CVG,Cincinnati,2023-12-05T18:21,2023-12-05T18:55,97.21,USD,United Airlines,UA,United Airlines,UA,UA1805,94.0,1,"https://flights-us.gotogate.com/air/CVGCHI05DEC/1/-/d/c:Y?selectionKey=UA1805-05Dec23-N,bciuru"
CHI,Chicago,CVG,Cincinnati,2023-12-05T13:33,2023-12-05T14:05,97.23,USD,United Airlines,UA,Skywest Airlines,OO,UA5797,92.0,1,"https://flights-us.gotogate.com/air/CVGCHI05DEC/1/-/d/c:Y?selectionKey=UA5797-05Dec23-N,bkd6xk"
CHI,Chicago,CVG,Cincinnati,2023-12-05T11:00,2023-12-05T11:36,97.23,USD,United Airlines,UA,Gojet Airlines,G7,UA4173,96.0,1,"https://flights-us.gotogate.com/air/CVGCHI05DEC/1/-/d/c:Y?selectionKey=UA4173-05Dec23-N,bd3xaj"
CHI,Chicago,CVG,Cincinnati,2023-12-05T08:40,2023-12-05T09:15,175.52,USD,American Airlines,AA,Envoy Air As American Eagle,AA,AA3826,95.0,1,"https://flights-us.gotogate.com/air/CVGCHI05DEC/1/-/d/c:Y?selectionKey=AA3826-05Dec23-G,b0i7uc"
CHI,Chicago,CVG,Cincinnati,2023-12-05T15:51,2023-12-05T19:36,99.04,USD,American Airlines,AA,Psa Airlines As American Eagle,AA,AA5141,285.0,3,"https://flights-us.gotogate.com/air/CVGCHI05DEC/1/-/d/c:Y?selectionKey=AA5141-05Dec23-B_AA2488-05Dec23-B,15dhopb"
CHI,Chicago,CVG,Cincinnati,2023-12-05T12:05,2023-12-05T15:52,99.04,USD,American Airlines,AA,American Airlines,AA,AA1775,287.0,3,"https://flights-us.gotogate.com/air/CVGCHI05DEC/1/-/d/c:Y?selectionKey=AA1775-05Dec23-B_AA614-05Dec23-B,13dmal8"
CHI,Chicago,CVG,Cincinnati,2023-12-05T06:30,2023-12-05T10:19,99.04,USD,American Airlines,AA,American Airlines,AA,AA1756,289.0,3,"https://flights-us.gotogate.com/air/CVGCHI05DEC/1/-/d/c:Y?selectionKey=AA1756-05Dec23-B_AA1668-05Dec23-B,15mcjme"
CVG,Cincinnati,CHI,Chicago,2023-12-01T20:15,2023-12-01T22:32,164.33,USD,American Airlines,AA,Envoy Air As American Eagle,AA,AA3690,77.0,1,"https://flights-us.gotogate.com/air/CHICVG01DEC/1/-/d/c:Y?selectionKey=AA3690-01Dec23-B,axywx6"
CVG,Cincinnati,CHI,Chicago,2023-12-01T07:15,2023-12-01T09:37,171.24,USD,United Airlines,UA,Republic Airways,YX,UA3498,82.0,1,"https://flights-us.gotogate.com/air/CHICVG01DEC/1/-/d/c:Y?selectionKey=UA3498-01Dec23-N,bgb3v4"
CVG,Cincinnati,CHI,Chicago,2023-12-01T18:20,2023-12-01T20:38,164.33,USD,American Airlines,AA,Envoy Air As American Eagle,AA,AA3972,78.0,1,"https://flights-us.gotogate.com/air/CHICVG01DEC/1/-/d/c:Y?selectionKey=AA3972-01Dec23-B,aznbcd"
CVG,Cincinnati,CHI,Chicago,2023-12-01T12:45,2023-12-01T15:03,164.33,USD,American Airlines,AA,Air Wisconsin As American Eagle,AA,AA6072,78.0,1,"https://flights-us.gotogate.com/air/CHICVG01DEC/1/-/d/c:Y?selectionKey=AA6072-01Dec23-B,aw93xj"
CVG,Cincinnati,CHI,Chicago,2023-12-01T13:35,2023-12-01T15:53,164.33,USD,American Airlines,AA,Republic Airways As American Eagle,AA,AA4777,78.0,1,"https://flights-us.gotogate.com/air/CHICVG01DEC/1/-/d/c:Y?selectionKey=AA4777-01Dec23-B,b1myb5"
CVG,Cincinnati,CHI,Chicago,2023-12-01T08:15,2023-12-01T10:35,164.33,USD,American Airlines,AA,Air Wisconsin As American Eagle,AA,AA6075,80.0,1,"https://flights-us.gotogate.com/air/CHICVG01DEC/1/-/d/c:Y?selectionKey=AA6075-01Dec23-B,axrw2y"
CVG,Cincinnati,CHI,Chicago,2023-12-01T10:35,2023-12-01T12:52,171.24,USD,United Airlines,UA,Skywest Airlines,OO,UA5215,77.0,1,"https://flights-us.gotogate.com/air/CHICVG01DEC/1/-/d/c:Y?selectionKey=UA5215-01Dec23-N,baht8l"
CVG,Cincinnati,CHI,Chicago,2023-12-01T15:00,2023-12-01T17:17,171.24,USD,United Airlines,UA,United Airlines,UA,UA636,77.0,1,"https://flights-us.gotogate.com/air/CHICVG01DEC/1/-/d/c:Y?selectionKey=UA636-01Dec23-N,abf0nq"
CVG,Cincinnati,CHI,Chicago,2023-12-01T18:06,2023-12-01T20:26,171.24,USD,United Airlines,UA,United Airlines,UA,UA1494,80.0,1,"https://flights-us.gotogate.com/air/CHICVG01DEC/1/-/d/c:Y?selectionKey=UA1494-01Dec23-N,bd145m"
CVG,Cincinnati,CHI,Chicago,2023-12-01T19:06,2023-12-02T12:20,125.5,USD,Spirit Airlines,NK,Spirit Airlines,NK,NK794,974.0,3,"https://flights-us.gotogate.com/air/CHICVG01DEC/1/-/d/c:Y?selectionKey=NK794-01Dec23-Y_G4424-02Dec23-Y,12nh63l"
CVG,Cincinnati,CHI,Chicago,2023-12-02T15:20,2023-12-02T17:37,91.2,USD,American Airlines,AA,Envoy Air As American Eagle,AA,AA3972,77.0,1,"https://flights-us.gotogate.com/air/CHICVG02DEC/1/-/d/c:Y?selectionKey=AA3972-02Dec23-B,b01d0u"
CVG,Cincinnati,CHI,Chicago,2023-12-02T07:15,2023-12-02T09:37,97.25,USD,United Airlines,UA,Republic Airways,YX,UA3498,82.0,1,"https://flights-us.gotogate.com/air/CHICVG02DEC/1/-/d/c:Y?selectionKey=UA3498-02Dec23-N,bgp5jl"
CVG,Cincinnati,CHI,Chicago,2023-12-02T12:45,2023-12-02T15:03,91.2,USD,American Airlines,AA,Air Wisconsin As American Eagle,AA,AA6072,78.0,1,"https://flights-us.gotogate.com/air/CHICVG02DEC/1/-/d/c:Y?selectionKey=AA6072-02Dec23-B,awn5m0"
CVG,Cincinnati,CHI,Chicago,2023-12-02T13:35,2023-12-02T15:53,91.2,USD,American Airlines,AA,Republic Airways As American Eagle,AA,AA4777,78.0,1,"https://flights-us.gotogate.com/air/CHICVG02DEC/1/-/d/c:Y?selectionKey=AA4777-02Dec23-B,b20zzm"
CVG,Cincinnati,CHI,Chicago,2023-12-02T18:35,2023-12-02T21:05,91.2,USD,American Airlines,AA,Envoy Air As American Eagle,AA,AA3690,90.0,1,"https://flights-us.gotogate.com/air/CHICVG02DEC/1/-/d/c:Y?selectionKey=AA3690-02Dec23-B,aycyln"
CVG,Cincinnati,CHI,Chicago,2023-12-02T15:05,2023-12-02T17:25,97.25,USD,United Airlines,UA,Skywest Airlines,OO,UA5289,80.0,1,"https://flights-us.gotogate.com/air/CHICVG02DEC/1/-/d/c:Y?selectionKey=UA5289-02Dec23-N,bgqk41"
CVG,Cincinnati,CHI,Chicago,2023-12-02T18:06,2023-12-02T20:26,97.25,USD,United Airlines,UA,United Airlines,UA,UA1494,80.0,1,"https://flights-us.gotogate.com/air/CHICVG02DEC/1/-/d/c:Y?selectionKey=UA1494-02Dec23-N,bdf5u3"
CVG,Cincinnati,CHI,Chicago,2023-12-02T05:29,2023-12-02T11:26,99.1,USD,American Airlines,AA,American Airlines,AA,AA1893,297.0,3,"https://flights-us.gotogate.com/air/CHICVG02DEC/1/-/d/c:Y?selectionKey=AA1893-02Dec23-B_AA5240-02Dec23-B,15fljd4"
CVG,Cincinnati,CHI,Chicago,2023-12-02T08:22,2023-12-02T15:04,99.1,USD,American Airlines,AA,American Airlines,AA,AA510,342.0,3,"https://flights-us.gotogate.com/air/CHICVG02DEC/1/-/d/c:Y?selectionKey=AA510-02Dec23-B_AA5141-02Dec23-B,132ccg8"
CVG,Cincinnati,CHI,Chicago,2023-12-02T07:00,2023-12-02T15:04,99.1,USD,American Airlines,AA,American Airlines,AA,AA1784,424.0,3,"https://flights-us.gotogate.com/air/CHICVG02DEC/1/-/d/c:Y?selectionKey=AA1784-02Dec23-B_AA5141-02Dec23-B,15e8dhj"
CVG,Cincinnati,CHI,Chicago,2023-12-03T10:35,2023-12-03T12:52,149.64,USD,United Airlines,UA,Skywest Airlines,OO,UA5215,77.0,1,"https://flights-us.gotogate.com/air/CHICVG03DEC/1/-/d/c:Y?selectionKey=UA5215-03Dec23-N,bb9wlj"
CVG,Cincinnati,CHI,Chicago,2023-12-03T07:15,2023-12-03T09:37,149.64,USD,United Airlines,UA,Republic Airways,YX,UA3498,82.0,1,"https://flights-us.gotogate.com/air/CHICVG03DEC/1/-/d/c:Y?selectionKey=UA3498-03Dec23-N,bh3782"
CVG,Cincinnati,CHI,Chicago,2023-12-03T18:06,2023-12-03T20:26,149.63,USD,United Airlines,UA,United Airlines,UA,UA1494,80.0,1,"https://flights-us.gotogate.com/air/CHICVG03DEC/1/-/d/c:Y?selectionKey=UA1494-03Dec23-N,bdt7ik"
CVG,Cincinnati,CHI,Chicago,2023-12-03T15:00,2023-12-03T17:17,149.64,USD,United Airlines,UA,United Airlines,UA,UA636,77.0,1,"https://flights-us.gotogate.com/air/CHICVG03DEC/1/-/d/c:Y?selectionKey=UA636-03Dec23-N,ac740o"
CVG,Cincinnati,CHI,Chicago,2023-12-03T20:15,2023-12-03T22:32,153.19,USD,American Airlines,AA,Envoy Air As American Eagle,AA,AA3690,77.0,1,"https://flights-us.gotogate.com/air/CHICVG03DEC/1/-/d/c:Y?selectionKey=AA3690-03Dec23-B,ayr0a4"
CVG,Cincinnati,CHI,Chicago,2023-12-03T18:20,2023-12-03T20:38,153.19,USD,American Airlines,AA,Envoy Air As American Eagle,AA,AA3972,78.0,1,"https://flights-us.gotogate.com/air/CHICVG03DEC/1/-/d/c:Y?selectionKey=AA3972-03Dec23-B,b0fepb"
CVG,Cincinnati,CHI,Chicago,2023-12-03T12:45,2023-12-03T15:03,153.25,USD,American Airlines,AA,Air Wisconsin As American Eagle,AA,AA6072,78.0,1,"https://flights-us.gotogate.com/air/CHICVG03DEC/1/-/d/c:Y?selectionKey=AA6072-03Dec23-B,ax17ah"
CVG,Cincinnati,CHI,Chicago,2023-12-03T13:35,2023-12-03T15:53,153.25,USD,American Airlines,AA,Republic Airways As American Eagle,AA,AA4777,78.0,1,"https://flights-us.gotogate.com/air/CHICVG03DEC/1/-/d/c:Y?selectionKey=AA4777-03Dec23-B,b2f1o3"
CVG,Cincinnati,CHI,Chicago,2023-12-03T08:15,2023-12-03T10:35,153.25,USD,American Airlines,AA,Air Wisconsin As American Eagle,AA,AA6075,80.0,1,"https://flights-us.gotogate.com/air/CHICVG03DEC/1/-/d/c:Y?selectionKey=AA6075-03Dec23-B,ayjzfw"
CVG,Cincinnati,CHI,Chicago,2023-12-03T20:20,2023-12-04T12:03,116.95,USD,Spirit Airlines,NK,Spirit Airlines,NK,NK3742,883.0,3,"https://flights-us.gotogate.com/air/CHICVG03DEC/1/-/d/c:Y?selectionKey=NK3742-03Dec23-Y_G4759-04Dec23-Y,14lts2l"
CVG,Cincinnati,CHI,Chicago,2023-12-04T20:15,2023-12-04T22:32,111.37,USD,American Airlines,AA,Envoy Air As American Eagle,AA,AA3690,77.0,1,"https://flights-us.gotogate.com/air/CHICVG04DEC/1/-/d/c:Y?selectionKey=AA3690-04Dec23-B,az51yl"
CVG,Cincinnati,CHI,Chicago,2023-12-04T07:15,2023-12-04T09:37,117.81,USD,United Airlines,UA,Republic Airways,YX,UA3498,82.0,1,"https://flights-us.gotogate.com/air/CHICVG04DEC/1/-/d/c:Y?selectionKey=UA3498-04Dec23-N,bhh8wj"
CVG,Cincinnati,CHI,Chicago,2023-12-04T18:20,2023-12-04T20:38,111.37,USD,American Airlines,AA,Envoy Air As American Eagle,AA,AA3972,78.0,1,"https://flights-us.gotogate.com/air/CHICVG04DEC/1/-/d/c:Y?selectionKey=AA3972-04Dec23-B,b0tgds"
CVG,Cincinnati,CHI,Chicago,2023-12-04T12:45,2023-12-04T15:03,111.37,USD,American Airlines,AA,Air Wisconsin As American Eagle,AA,AA6072,78.0,1,"https://flights-us.gotogate.com/air/CHICVG04DEC/1/-/d/c:Y?selectionKey=AA6072-04Dec23-B,axf8yy"
CVG,Cincinnati,CHI,Chicago,2023-12-04T13:35,2023-12-04T15:53,111.37,USD,American Airlines,AA,Republic Airways As American Eagle,AA,AA4777,78.0,1,"https://flights-us.gotogate.com/air/CHICVG04DEC/1/-/d/c:Y?selectionKey=AA4777-04Dec23-B,b2t3ck"
CVG,Cincinnati,CHI,Chicago,2023-12-04T08:15,2023-12-04T10:35,111.37,USD,American Airlines,AA,Air Wisconsin As American Eagle,AA,AA6075,80.0,1,"https://flights-us.gotogate.com/air/CHICVG04DEC/1/-/d/c:Y?selectionKey=AA6075-04Dec23-B,ayy14d"
CVG,Cincinnati,CHI,Chicago,2023-12-04T15:00,2023-12-04T17:17,117.81,USD,United Airlines,UA,United Airlines,UA,UA636,77.0,1,"https://flights-us.gotogate.com/air/CHICVG04DEC/1/-/d/c:Y?selectionKey=UA636-04Dec23-N,acl5p5"
CVG,Cincinnati,CHI,Chicago,2023-12-04T18:06,2023-12-04T20:26,117.81,USD,United Airlines,UA,United Airlines,UA,UA1494,80.0,1,"https://flights-us.gotogate.com/air/CHICVG04DEC/1/-/d/c:Y?selectionKey=UA1494-04Dec23-N,be7971"
CVG,Cincinnati,CHI,Chicago,2023-12-04T10:35,2023-12-04T12:52,170.27,USD,United Airlines,UA,Skywest Airlines,OO,UA5215,77.0,1,"https://flights-us.gotogate.com/air/CHICVG04DEC/1/-/d/c:Y?selectionKey=UA5215-04Dec23-N,bbnya0"
CVG,Cincinnati,CHI,Chicago,2023-12-04T18:33,2023-12-04T23:54,119.32,USD,American Airlines,AA,American Airlines,AA,AA689,261.0,3,"https://flights-us.gotogate.com/air/CHICVG04DEC/1/-/d/c:Y?selectionKey=AA689-04Dec23-B_AA2021-04Dec23-B,13lxhjr"
CVG,Cincinnati,CHI,Chicago,2023-12-05T20:15,2023-12-05T22:33,91.11,USD,American Airlines,AA,Envoy Air As American Eagle,AA,AA3690,78.0,1,"https://flights-us.gotogate.com/air/CHICVG05DEC/1/-/d/c:Y?selectionKey=AA3690-05Dec23-B,azj3n2"
CVG,Cincinnati,CHI,Chicago,2023-12-05T10:35,2023-12-05T12:52,97.23,USD,United Airlines,UA,Skywest Airlines,OO,UA5215,77.0,1,"https://flights-us.gotogate.com/air/CHICVG05DEC/1/-/d/c:Y?selectionKey=UA5215-05Dec23-N,bc1zyh"
CVG,Cincinnati,CHI,Chicago,2023-12-05T07:15,2023-12-05T09:37,97.23,USD,United Airlines,UA,Republic Airways,YX,UA3498,82.0,1,"https://flights-us.gotogate.com/air/CHICVG05DEC/1/-/d/c:Y?selectionKey=UA3498-05Dec23-N,bhval0"
CVG,Cincinnati,CHI,Chicago,2023-12-05T09:49,2023-12-05T12:10,91.14,USD,American Airlines,AA,Air Wisconsin As American Eagle,AA,AA6075,81.0,1,"https://flights-us.gotogate.com/air/CHICVG05DEC/1/-/d/c:Y?selectionKey=AA6075-05Dec23-B,azc2su"
CVG,Cincinnati,CHI,Chicago,2023-12-05T18:06,2023-12-05T20:26,97.21,USD,United Airlines,UA,United Airlines,UA,UA1494,80.0,1,"https://flights-us.gotogate.com/air/CHICVG05DEC/1/-/d/c:Y?selectionKey=UA1494-05Dec23-N,belavi"
CVG,Cincinnati,CHI,Chicago,2023-12-05T15:00,2023-12-05T17:17,97.23,USD,United Airlines,UA,United Airlines,UA,UA636,77.0,1,"https://flights-us.gotogate.com/air/CHICVG05DEC/1/-/d/c:Y?selectionKey=UA636-05Dec23-N,acz7dm"
CVG,Cincinnati,CHI,Chicago,2023-12-05T16:57,2023-12-05T19:15,236.88,USD,American Airlines,AA,Envoy Air As American Eagle,AA,AA3972,78.0,1,"https://flights-us.gotogate.com/air/CHICVG05DEC/1/-/d/c:Y?selectionKey=AA3972-05Dec23-V,b3js5h"
CVG,Cincinnati,CHI,Chicago,2023-12-05T16:59,2023-12-06T00:17,100.61,USD,American Airlines,AA,American Airlines,AA,AA2499,378.0,3,"https://flights-us.gotogate.com/air/CHICVG05DEC/1/-/d/c:Y?selectionKey=AA2499-05Dec23-B_AA803-05Dec23-B,13i81ls"
CVG,Cincinnati,CHI,Chicago,2023-12-05T05:00,2023-12-05T12:21,100.61,USD,American Airlines,AA,American Airlines,AA,AA370,381.0,3,"https://flights-us.gotogate.com/air/CHICVG05DEC/1/-/d/c:Y?selectionKey=AA370-05Dec23-B_AA1581-05Dec23-B,13dgoba"
CVG,Cincinnati,CHI,Chicago,2023-12-05T09:56,2023-12-05T17:49,100.61,USD,American Airlines,AA,American Airlines,AA,AA2098,413.0,3,"https://flights-us.gotogate.com/air/CHICVG05DEC/1/-/d/c:Y?selectionKey=AA2098-05Dec23-B_AA4361-05Dec23-B,15in3nz"
DEN,Denver,CHI,Chicago,2023-12-01T08:35,2023-12-01T10:24,46.05,USD,Frontier Airlines,F9,Frontier Airlines,F9,F92209,169.0,1,"https://flights-us.gotogate.com/air/CHIDEN01DEC/1/-/d/c:Y?selectionKey=F92209-01Dec23-W,avbebb"
DEN,Denver,CHI,Chicago,2023-12-01T11:49,2023-12-01T13:29,121.67,USD,American Airlines,AA,American Airlines,AA,AA2363,160.0,1,"https://flights-us.gotogate.com/air/CHIDEN01DEC/1/-/d/c:Y?selectionKey=AA2363-01Dec23-B,avh0km"
DEN,Denver,CHI,Chicago,2023-12-01T07:10,2023-12-01T09:00,128.12,USD,United Airlines,UA,United Airlines,UA,UA515,170.0,1,"https://flights-us.gotogate.com/air/CHIDEN01DEC/1/-/d/c:Y?selectionKey=UA515-01Dec23-N,a98cuq"
DEN,Denver,CHI,Chicago,2023-12-01T08:21,2023-12-01T10:04,121.67,USD,American Airlines,AA,American Airlines,AA,AA1647,163.0,1,"https://flights-us.gotogate.com/air/CHIDEN01DEC/1/-/d/c:Y?selectionKey=AA1647-01Dec23-B,axjgoa"
DEN,Denver,CHI,Chicago,2023-12-01T20:20,2023-12-01T22:03,121.67,USD,American Airlines,AA,American Airlines,AA,AA1387,163.0,1,"https://flights-us.gotogate.com/air/CHIDEN01DEC/1/-/d/c:Y?selectionKey=AA1387-01Dec23-B,axywx7"
DEN,Denver,CHI,Chicago,2023-12-01T15:53,2023-12-01T17:40,128.12,USD,United Airlines,UA,United Airlines,UA,UA2479,167.0,1,"https://flights-us.gotogate.com/air/CHIDEN01DEC/1/-/d/c:Y?selectionKey=UA2479-01Dec23-N,bf3k9a"
DEN,Denver,CHI,Chicago,2023-12-01T17:53,2023-12-01T19:40,128.12,USD,United Airlines,UA,United Airlines,UA,UA767,167.0,1,"https://flights-us.gotogate.com/air/CHIDEN01DEC/1/-/d/c:Y?selectionKey=UA767-01Dec23-N,ae5cez"
DEN,Denver,CHI,Chicago,2023-12-01T13:00,2023-12-01T14:48,128.12,USD,United Airlines,UA,United Airlines,UA,UA2138,168.0,1,"https://flights-us.gotogate.com/air/CHIDEN01DEC/1/-/d/c:Y?selectionKey=UA2138-01Dec23-N,banfie"
DEN,Denver,CHI,Chicago,2023-12-01T14:20,2023-12-01T16:08,128.12,USD,United Airlines,UA,United Airlines,UA,UA2184,168.0,1,"https://flights-us.gotogate.com/air/CHIDEN01DEC/1/-/d/c:Y?selectionKey=UA2184-01Dec23-N,bbcpqf"
DEN,Denver,CHI,Chicago,2023-12-01T20:19,2023-12-01T22:07,128.12,USD,United Airlines,UA,United Airlines,UA,UA2485,168.0,1,"https://flights-us.gotogate.com/air/CHIDEN01DEC/1/-/d/c:Y?selectionKey=UA2485-01Dec23-N,bdm6ob"
DEN,Denver,CHI,Chicago,2023-12-02T08:55,2023-12-02T10:44,40.93,USD,Frontier Airlines,F9,Frontier Airlines,F9,F92209,169.0,1,"https://flights-us.gotogate.com/air/CHIDEN02DEC/1/-/d/c:Y?selectionKey=F92209-02Dec23-R,av4dgz"
DEN,Denver,CHI,Chicago,2023-12-02T11:49,2023-12-02T13:29,91.2,USD,American Airlines,AA,American Airlines,AA,AA2363,160.0,1,"https://flights-us.gotogate.com/air/CHIDEN02DEC/1/-/d/c:Y?selectionKey=AA2363-02Dec23-B,avv293"
DEN,Denver,CHI,Chicago,2023-12-02T07:10,2023-12-02T09:00,97.25,USD,United Airlines,UA,United Airlines,UA,UA515,170.0,1,"https://flights-us.gotogate.com/air/CHIDEN02DEC/1/-/d/c:Y?selectionKey=UA515-02Dec23-N,a9mej7"
DEN,Denver,CHI,Chicago,2023-12-02T18:26,2023-12-02T20:18,91.2,USD,American Airlines,AA,American Airlines,AA,AA1387,172.0,1,"https://flights-us.gotogate.com/air/CHIDEN02DEC/1/-/d/c:Y?selectionKey=AA1387-02Dec23-B,aycylo"
DEN,Denver,CHI,Chicago,2023-12-02T08:45,2023-12-02T10:32,97.25,USD,United Airlines,UA,United Airlines,UA,UA2462,167.0,1,"https://flights-us.gotogate.com/air/CHIDEN02DEC/1/-/d/c:Y?selectionKey=UA2462-02Dec23-N,bbe4av"
DEN,Denver,CHI,Chicago,2023-12-02T15:53,2023-12-02T17:40,97.25,USD,United Airlines,UA,United Airlines,UA,UA2479,167.0,1,"https://flights-us.gotogate.com/air/CHIDEN02DEC/1/-/d/c:Y?selectionKey=UA2479-02Dec23-N,bfhlxr"
DEN,Denver,CHI,Chicago,2023-12-02T17:53,2023-12-02T19:40,97.25,USD,United Airlines,UA,United Airlines,UA,UA767,167.0,1,"https://flights-us.gotogate.com/air/CHIDEN02DEC/1/-/d/c:Y?selectionKey=UA767-02Dec23-N,aeje3g"
DEN,Denver,CHI,Chicago,2023-12-02T10:40,2023-12-02T12:28,97.25,USD,United Airlines,UA,United Airlines,UA,UA2067,168.0,1,"https://flights-us.gotogate.com/air/CHIDEN02DEC/1/-/d/c:Y?selectionKey=UA2067-02Dec23-N,bbl554"
DEN,Denver,CHI,Chicago,2023-12-02T13:00,2023-12-02T14:48,97.25,USD,United Airlines,UA,United Airlines,UA,UA2138,168.0,1,"https://flights-us.gotogate.com/air/CHIDEN02DEC/1/-/d/c:Y?selectionKey=UA2138-02Dec23-N,bb1h6v"
DEN,Denver,CHI,Chicago,2023-12-02T14:20,2023-12-02T16:08,97.25,USD,United Airlines,UA,United Airlines,UA,UA2184,168.0,1,"https://flights-us.gotogate.com/air/CHIDEN02DEC/1/-/d/c:Y?selectionKey=UA2184-02Dec23-N,bbqrew"
DEN,Denver,CHI,Chicago,2023-12-03T08:55,2023-12-03T10:44,56.21,USD,Frontier Airlines,F9,Frontier Airlines,F9,F92209,169.0,1,"https://flights-us.gotogate.com/air/CHIDEN03DEC/1/-/d/c:Y?selectionKey=F92209-03Dec23-G,au82eh"
DEN,Denver,CHI,Chicago,2023-12-03T11:49,2023-12-03T13:29,121.67,USD,American Airlines,AA,American Airlines,AA,AA2363,160.0,1,"https://flights-us.gotogate.com/air/CHIDEN03DEC/1/-/d/c:Y?selectionKey=AA2363-03Dec23-B,aw93xk"
DEN,Denver,CHI,Chicago,2023-12-03T07:10,2023-12-03T09:00,117.83,USD,United Airlines,UA,United Airlines,UA,UA515,170.0,1,"https://flights-us.gotogate.com/air/CHIDEN03DEC/1/-/d/c:Y?selectionKey=UA515-03Dec23-N,aa0g7o"
DEN,Denver,CHI,Chicago,2023-12-03T08:45,2023-12-03T10:32,117.83,USD,United Airlines,UA,United Airlines,UA,UA2462,167.0,1,"https://flights-us.gotogate.com/air/CHIDEN03DEC/1/-/d/c:Y?selectionKey=UA2462-03Dec23-N,bbs5zc"
DEN,Denver,CHI,Chicago,2023-12-03T20:20,2023-12-03T22:03,121.61,USD,American Airlines,AA,American Airlines,AA,AA1387,163.0,1,"https://flights-us.gotogate.com/air/CHIDEN03DEC/1/-/d/c:Y?selectionKey=AA1387-03Dec23-B,ayr0a5"
DEN,Denver,CHI,Chicago,2023-12-03T08:21,2023-12-03T10:04,121.67,USD,American Airlines,AA,American Airlines,AA,AA1647,163.0,1,"https://flights-us.gotogate.com/air/CHIDEN03DEC/1/-/d/c:Y?selectionKey=AA1647-03Dec23-B,aybk18"
DEN,Denver,CHI,Chicago,2023-12-03T10:40,2023-12-03T12:28,188.7,USD,United Airlines,UA,United Airlines,UA,UA2067,168.0,1,"https://flights-us.gotogate.com/air/CHIDEN03DEC/1/-/d/c:Y?selectionKey=UA2067-03Dec23-T,bcoh1r"
DEN,Denver,CHI,Chicago,2023-12-03T17:53,2023-12-03T19:40,199.8,USD,United Airlines,UA,United Airlines,UA,UA767,167.0,1,"https://flights-us.gotogate.com/air/CHIDEN03DEC/1/-/d/c:Y?selectionKey=UA767-03Dec23-T,afmq03"
DEN,Denver,CHI,Chicago,2023-12-03T19:55,2023-12-03T21:43,199.8,USD,United Airlines,UA,United Airlines,UA,UA2485,168.0,1,"https://flights-us.gotogate.com/air/CHIDEN03DEC/1/-/d/c:Y?selectionKey=UA2485-03Dec23-T,bf3k9f"
DEN,Denver,CHI,Chicago,2023-12-03T15:53,2023-12-03T17:40,199.82,USD,United Airlines,UA,United Airlines,UA,UA2479,167.0,1,"https://flights-us.gotogate.com/air/CHIDEN03DEC/1/-/d/c:Y?selectionKey=UA2479-03Dec23-T,bgkxue"
DEN,Denver,CHI,Chicago,2023-12-04T08:40,2023-12-04T10:29,35.78,USD,Frontier Airlines,F9,Frontier Airlines,F9,F92209,169.0,1,"https://flights-us.gotogate.com/air/CHIDEN04DEC/1/-/d/c:Y?selectionKey=F92209-04Dec23-Z,awu6gt"
DEN,Denver,CHI,Chicago,2023-12-04T11:49,2023-12-04T13:29,101.35,USD,American Airlines,AA,American Airlines,AA,AA2363,160.0,1,"https://flights-us.gotogate.com/air/CHIDEN04DEC/1/-/d/c:Y?selectionKey=AA2363-04Dec23-B,awn5m1"
DEN,Denver,CHI,Chicago,2023-12-04T07:10,2023-12-04T09:00,107.47,USD,United Airlines,UA,United Airlines,UA,UA515,170.0,1,"https://flights-us.gotogate.com/air/CHIDEN04DEC/1/-/d/c:Y?selectionKey=UA515-04Dec23-N,aaehw5"
DEN,Denver,CHI,Chicago,2023-12-04T08:21,2023-12-04T10:04,101.35,USD,American Airlines,AA,American Airlines,AA,AA1647,163.0,1,"https://flights-us.gotogate.com/air/CHIDEN04DEC/1/-/d/c:Y?selectionKey=AA1647-04Dec23-B,ayplpp"
DEN,Denver,CHI,Chicago,2023-12-04T20:20,2023-12-04T22:03,101.35,USD,American Airlines,AA,American Airlines,AA,AA1387,163.0,1,"https://flights-us.gotogate.com/air/CHIDEN04DEC/1/-/d/c:Y?selectionKey=AA1387-04Dec23-B,az51ym"
DEN,Denver,CHI,Chicago,2023-12-04T19:55,2023-12-04T21:43,107.47,USD,United Airlines,UA,United Airlines,UA,UA2485,168.0,1,"https://flights-us.gotogate.com/air/CHIDEN04DEC/1/-/d/c:Y?selectionKey=UA2485-04Dec23-N,besbpq"
DEN,Denver,CHI,Chicago,2023-12-04T08:45,2023-12-04T10:32,133.26,USD,United Airlines,UA,United Airlines,UA,UA2462,167.0,1,"https://flights-us.gotogate.com/air/CHIDEN04DEC/1/-/d/c:Y?selectionKey=UA2462-04Dec23-N,bc67nt"
DEN,Denver,CHI,Chicago,2023-12-04T15:53,2023-12-04T17:40,133.26,USD,United Airlines,UA,United Airlines,UA,UA2479,167.0,1,"https://flights-us.gotogate.com/air/CHIDEN04DEC/1/-/d/c:Y?selectionKey=UA2479-04Dec23-N,bg9pap"
DEN,Denver,CHI,Chicago,2023-12-04T10:40,2023-12-04T12:28,133.26,USD,United Airlines,UA,United Airlines,UA,UA2067,168.0,1,"https://flights-us.gotogate.com/air/CHIDEN04DEC/1/-/d/c:Y?selectionKey=UA2067-04Dec23-N,bcd8i2"
DEN,Denver,CHI,Chicago,2023-12-04T17:53,2023-12-04T19:40,165.47,USD,United Airlines,UA,United Airlines,UA,UA767,167.0,1,"https://flights-us.gotogate.com/air/CHIDEN04DEC/1/-/d/c:Y?selectionKey=UA767-04Dec23-L,af321o"
DEN,Denver,CHI,Chicago,2023-12-05T08:45,2023-12-05T10:34,25.61,USD,Frontier Airlines,F9,Frontier Airlines,F9,F92209,169.0,1,"https://flights-us.gotogate.com/air/CHIDEN05DEC/1/-/d/c:Y?selectionKey=F92209-05Dec23-K,avh0kv"
DEN,Denver,CHI,Chicago,2023-12-05T17:53,2023-12-05T19:40,97.21,USD,United Airlines,UA,United Airlines,UA,UA767,167.0,1,"https://flights-us.gotogate.com/air/CHIDEN05DEC/1/-/d/c:Y?selectionKey=UA767-05Dec23-N,afpj4v"
DEN,Denver,CHI,Chicago,2023-12-05T07:10,2023-12-05T09:00,97.23,USD,United Airlines,UA,United Airlines,UA,UA515,170.0,1,"https://flights-us.gotogate.com/air/CHIDEN05DEC/1/-/d/c:Y?selectionKey=UA515-05Dec23-N,aasjkm"
DEN,Denver,CHI,Chicago,2023-12-05T18:46,2023-12-05T20:41,91.11,USD,American Airlines,AA,American Airlines,AA,AA1387,175.0,1,"https://flights-us.gotogate.com/air/CHIDEN05DEC/1/-/d/c:Y?selectionKey=AA1387-05Dec23-B,azj3n3"
DEN,Denver,CHI,Chicago,2023-12-05T10:43,2023-12-05T12:32,91.14,USD,American Airlines,AA,American Airlines,AA,AA2363,169.0,1,"https://flights-us.gotogate.com/air/CHIDEN05DEC/1/-/d/c:Y?selectionKey=AA2363-05Dec23-B,ax17ai"
DEN,Denver,CHI,Chicago,2023-12-05T19:55,2023-12-05T21:43,97.21,USD,United Airlines,UA,United Airlines,UA,UA2485,168.0,1,"https://flights-us.gotogate.com/air/CHIDEN05DEC/1/-/d/c:Y?selectionKey=UA2485-05Dec23-N,bf6de7"
DEN,Denver,CHI,Chicago,2023-12-05T08:45,2023-12-05T10:32,97.23,USD,United Airlines,UA,United Airlines,UA,UA2462,167.0,1,"https://flights-us.gotogate.com/air/CHIDEN05DEC/1/-/d/c:Y?selectionKey=UA2462-05Dec23-N,bck9ca"
DEN,Denver,CHI,Chicago,2023-12-05T15:53,2023-12-05T17:40,97.23,USD,United Airlines,UA,United Airlines,UA,UA2479,167.0,1,"https://flights-us.gotogate.com/air/CHIDEN05DEC/1/-/d/c:Y?selectionKey=UA2479-05Dec23-N,bgnqz6"
DEN,Denver,CHI,Chicago,2023-12-05T10:40,2023-12-05T12:28,97.23,USD,United Airlines,UA,United Airlines,UA,UA2067,168.0,1,"https://flights-us.gotogate.com/air/CHIDEN05DEC/1/-/d/c:Y?selectionKey=UA2067-05Dec23-N,bcra6j"
DEN,Denver,CHI,Chicago,2023-12-05T13:00,2023-12-05T14:48,97.23,USD,United Airlines,UA,United Airlines,UA,UA2138,168.0,1,"https://flights-us.gotogate.com/air/CHIDEN05DEC/1/-/d/c:Y?selectionKey=UA2138-05Dec23-N,bc7m8a"
DEN,Denver,CVG,Cincinnati,2023-12-01T06:45,2023-12-01T08:15,46.05,USD,Frontier Airlines,F9,Frontier Airlines,F9,F94127,210.0,1,"https://flights-us.gotogate.com/air/CVGDEN01DEC/1/-/d/c:Y?selectionKey=F94127-01Dec23-W,aw233s"
DEN,Denver,CVG,Cincinnati,2023-12-01T08:57,2023-12-01T10:10,128.12,USD,United Airlines,UA,United Airlines,UA,UA497,193.0,1,"https://flights-us.gotogate.com/air/CVGDEN01DEC/1/-/d/c:Y?selectionKey=UA497-01Dec23-N,ae14pn"
DEN,Denver,CVG,Cincinnati,2023-12-01T15:25,2023-12-01T16:39,128.12,USD,United Airlines,UA,United Airlines,UA,UA479,194.0,1,"https://flights-us.gotogate.com/air/CVGDEN01DEC/1/-/d/c:Y?selectionKey=UA479-01Dec23-N,adybkr"
DEN,Denver,CVG,Cincinnati,2023-12-01T05:25,2023-12-01T09:49,131.04,USD,American Airlines,AA,American Airlines,AA,AA807,384.0,3,"https://flights-us.gotogate.com/air/CVGDEN01DEC/1/-/d/c:Y?selectionKey=AA807-01Dec23-B_AA2357-01Dec23-B,13eiln9"
DEN,Denver,CVG,Cincinnati,2023-12-01T17:30,2023-12-01T23:05,129.5,USD,American Airlines,AA,American Airlines,AA,AA1915,455.0,3,"https://flights-us.gotogate.com/air/CVGDEN01DEC/1/-/d/c:Y?selectionKey=AA1915-01Dec23-B_AA2404-01Dec23-B,1577j9c"
DEN,Denver,CVG,Cincinnati,2023-12-01T09:45,2023-12-01T13:55,131.04,USD,American Airlines,AA,American Airlines,AA,AA808,370.0,3,"https://flights-us.gotogate.com/air/CVGDEN01DEC/1/-/d/c:Y?selectionKey=AA808-01Dec23-B_AA420-01Dec23-B,117fcgq"
DEN,Denver,CVG,Cincinnati,2023-12-01T11:34,2023-12-01T15:50,131.04,USD,American Airlines,AA,American Airlines,AA,AA231,376.0,3,"https://flights-us.gotogate.com/air/CVGDEN01DEC/1/-/d/c:Y?selectionKey=AA231-01Dec23-B_AA1832-01Dec23-B,132axvt"
DEN,Denver,CVG,Cincinnati,2023-12-01T13:20,2023-12-01T17:43,131.04,USD,American Airlines,AA,American Airlines,AA,AA1581,383.0,3,"https://flights-us.gotogate.com/air/CVGDEN01DEC/1/-/d/c:Y?selectionKey=AA1581-01Dec23-B_AA1322-01Dec23-B,154v96l"
DEN,Denver,CVG,Cincinnati,2023-12-01T08:33,2023-12-01T13:29,131.04,USD,American Airlines,AA,Envoy Air As American Eagle,AA,AA3826,416.0,3,"https://flights-us.gotogate.com/air/CVGDEN01DEC/1/-/d/c:Y?selectionKey=AA3826-01Dec23-B_AA2363-01Dec23-B,15d3n0n"
DEN,Denver,CVG,Cincinnati,2023-12-01T17:00,2023-12-01T22:03,131.04,USD,American Airlines,AA,Republic Airways As American Eagle,AA,AA4777,423.0,3,"https://flights-us.gotogate.com/air/CVGDEN01DEC/1/-/d/c:Y?selectionKey=AA4777-01Dec23-B_AA1387-01Dec23-B,15mut02"
DEN,Denver,CVG,Cincinnati,2023-12-02T19:32,2023-12-02T20:55,35.84,USD,Frontier Airlines,F9,Frontier Airlines,F9,F93285,203.0,1,"https://flights-us.gotogate.com/air/CVGDEN02DEC/1/-/d/c:Y?selectionKey=F93285-02Dec23-Z,az0u9s"
DEN,Denver,CVG,Cincinnati,2023-12-02T08:57,2023-12-02T10:10,97.25,USD,United Airlines,UA,United Airlines,UA,UA497,193.0,1,"https://flights-us.gotogate.com/air/CVGDEN02DEC/1/-/d/c:Y?selectionKey=UA497-02Dec23-N,aef6e4"
DEN,Denver,CVG,Cincinnati,2023-12-02T06:45,2023-12-02T08:15,35.84,USD,Frontier Airlines,F9,Frontier Airlines,F9,F94127,210.0,1,"https://flights-us.gotogate.com/air/CVGDEN02DEC/1/-/d/c:Y?selectionKey=F94127-02Dec23-Z,awsrwc"
DEN,Denver,CVG,Cincinnati,2023-12-02T15:25,2023-12-02T16:39,97.25,USD,United Airlines,UA,United Airlines,UA,UA479,194.0,1,"https://flights-us.gotogate.com/air/CVGDEN02DEC/1/-/d/c:Y?selectionKey=UA479-02Dec23-N,aecd98"
DEN,Denver,CVG,Cincinnati,2023-12-02T05:25,2023-12-02T09:49,100.67,USD,American Airlines,AA,American Airlines,AA,AA807,384.0,3,"https://flights-us.gotogate.com/air/CVGDEN02DEC/1/-/d/c:Y?selectionKey=AA807-02Dec23-B_AA2357-02Dec23-B,13fyknr"
DEN,Denver,CVG,Cincinnati,2023-12-02T17:00,2023-12-02T20:18,100.67,USD,American Airlines,AA,Republic Airways As American Eagle,AA,AA4777,318.0,3,"https://flights-us.gotogate.com/air/CVGDEN02DEC/1/-/d/c:Y?selectionKey=AA4777-02Dec23-B_AA1387-02Dec23-B,15oas0k"
DEN,Denver,CVG,Cincinnati,2023-12-02T15:40,2023-12-02T20:18,100.67,USD,American Airlines,AA,Air Wisconsin As American Eagle,AA,AA6072,398.0,3,"https://flights-us.gotogate.com/air/CVGDEN02DEC/1/-/d/c:Y?selectionKey=AA6072-02Dec23-B_AA1387-02Dec23-B,15ca53e"
DEN,Denver,CVG,Cincinnati,2023-12-02T05:25,2023-12-02T11:18,100.67,USD,American Airlines,AA,American Airlines,AA,AA807,473.0,3,"https://flights-us.gotogate.com/air/CVGDEN02DEC/1/-/d/c:Y?selectionKey=AA807-02Dec23-B_AA2359-02Dec23-B,13gz3fd"
DEN,Denver,CVG,Cincinnati,2023-12-02T16:45,2023-12-02T21:59,181.99,USD,American Airlines,AA,American Airlines,AA,AA2345,434.0,3,"https://flights-us.gotogate.com/air/CVGDEN02DEC/1/-/d/c:Y?selectionKey=AA2345-02Dec23-B_AA577-02Dec23-B,136in88"
DEN,Denver,CVG,Cincinnati,2023-12-02T15:38,2023-12-02T20:56,205.66,USD,American Airlines,AA,Psa Airlines As American Eagle,AA,AA5141,438.0,3,"https://flights-us.gotogate.com/air/CVGDEN02DEC/1/-/d/c:Y?selectionKey=AA5141-02Dec23-B_AA459-02Dec23-B,132nl04"
DEN,Denver,CVG,Cincinnati,2023-12-03T06:45,2023-12-03T08:15,46.05,USD,Frontier Airlines,F9,Frontier Airlines,F9,F94127,210.0,1,"https://flights-us.gotogate.com/air/CVGDEN03DEC/1/-/d/c:Y?selectionKey=F94127-03Dec23-W,awu6gq"
DEN,Denver,CVG,Cincinnati,2023-12-03T08:57,2023-12-03T10:10,117.83,USD,United Airlines,UA,United Airlines,UA,UA497,193.0,1,"https://flights-us.gotogate.com/air/CVGDEN03DEC/1/-/d/c:Y?selectionKey=UA497-03Dec23-N,aet82l"
DEN,Denver,CVG,Cincinnati,2023-12-03T15:25,2023-12-03T16:39,117.83,USD,United Airlines,UA,United Airlines,UA,UA479,194.0,1,"https://flights-us.gotogate.com/air/CVGDEN03DEC/1/-/d/c:Y?selectionKey=UA479-03Dec23-N,aeqexp"
DEN,Denver,CVG,Cincinnati,2023-12-03T05:25,2023-12-03T09:49,131.04,USD,American Airlines,AA,American Airlines,AA,AA807,384.0,3,"https://flights-us.gotogate.com/air/CVGDEN03DEC/1/-/d/c:Y?selectionKey=AA807-03Dec23-B_AA2357-03Dec23-B,13hejo9"
DEN,Denver,CVG,Cincinnati,2023-12-03T13:38,2023-12-04T10:50,112.39,USD,Allegiant Air,G4,Allegiant Air,G4,G4386,1392.0,3,"https://flights-us.gotogate.com/air/CVGDEN03DEC/1/-/d/c:Y?selectionKey=G4386-03Dec23-Y_NK1243-04Dec23-Y,147wbbn"
DEN,Denver,CVG,Cincinnati,2023-12-03T20:30,2023-12-04T11:16,116.84,USD,Sun Country,SY,Sun Country,SY,SY220,1006.0,3,"https://flights-us.gotogate.com/air/CVGDEN03DEC/1/-/d/c:Y?selectionKey=SY220-03Dec23-Y_SY651-04Dec23-Y,13rs6sb"
DEN,Denver,CVG,Cincinnati,2023-12-03T20:51,2023-12-04T23:00,128.8,USD,Breeze Airways,MX,Breeze Airways,MX,MX259,1689.0,5,"https://flights-us.gotogate.com/air/CVGDEN03DEC/1/-/d/c:Y?selectionKey=MX259-03Dec23-Y_NK1447-04Dec23-Y_NK1314-04Dec23-Y,m5m7kj"
DEN,Denver,CVG,Cincinnati,2023-12-03T19:19,2023-12-03T23:05,129.44,USD,American Airlines,AA,American Airlines,AA,AA1008,346.0,3,"https://flights-us.gotogate.com/air/CVGDEN03DEC/1/-/d/c:Y?selectionKey=AA1008-03Dec23-B_AA2404-03Dec23-B,1515t8d"
DEN,Denver,CVG,Cincinnati,2023-12-03T15:38,2023-12-03T20:10,129.5,USD,American Airlines,AA,Psa Airlines As American Eagle,AA,AA5141,392.0,3,"https://flights-us.gotogate.com/air/CVGDEN03DEC/1/-/d/c:Y?selectionKey=AA5141-03Dec23-B_AA459-03Dec23-B,13425g6"
DEN,Denver,CVG,Cincinnati,2023-12-03T17:30,2023-12-03T23:05,129.5,USD,American Airlines,AA,American Airlines,AA,AA1915,455.0,3,"https://flights-us.gotogate.com/air/CVGDEN03DEC/1/-/d/c:Y?selectionKey=AA1915-03Dec23-B_AA2404-03Dec23-B,15a3hac"
DEN,Denver,CVG,Cincinnati,2023-12-04T19:32,2023-12-04T20:55,45.99,USD,Frontier Airlines,F9,Frontier Airlines,F9,F93285,203.0,1,"https://flights-us.gotogate.com/air/CVGDEN04DEC/1/-/d/c:Y?selectionKey=F93285-04Dec23-W,azgain"
DEN,Denver,CVG,Cincinnati,2023-12-04T08:57,2023-12-04T10:10,117.81,USD,United Airlines,UA,United Airlines,UA,UA497,193.0,1,"https://flights-us.gotogate.com/air/CVGDEN04DEC/1/-/d/c:Y?selectionKey=UA497-04Dec23-N,af79r2"
DEN,Denver,CVG,Cincinnati,2023-12-04T06:45,2023-12-04T08:15,45.99,USD,Frontier Airlines,F9,Frontier Airlines,F9,F94127,210.0,1,"https://flights-us.gotogate.com/air/CVGDEN04DEC/1/-/d/c:Y?selectionKey=F94127-04Dec23-W,ax8857"
DEN,Denver,CVG,Cincinnati,2023-12-04T15:25,2023-12-04T16:39,117.81,USD,United Airlines,UA,United Airlines,UA,UA479,194.0,1,"https://flights-us.gotogate.com/air/CVGDEN04DEC/1/-/d/c:Y?selectionKey=UA479-04Dec23-N,af4gm6"
DEN,Denver,CVG,Cincinnati,2023-12-04T05:25,2023-12-04T09:49,181.93,USD,American Airlines,AA,American Airlines,AA,AA807,384.0,3,"https://flights-us.gotogate.com/air/CVGDEN04DEC/1/-/d/c:Y?selectionKey=AA807-04Dec23-B_AA2357-04Dec23-B,13iuior"
DEN,Denver,CVG,Cincinnati,2023-12-04T19:19,2023-12-04T23:05,119.32,USD,American Airlines,AA,American Airlines,AA,AA1008,346.0,3,"https://flights-us.gotogate.com/air/CVGDEN04DEC/1/-/d/c:Y?selectionKey=AA1008-04Dec23-B_AA2404-04Dec23-B,152ls8v"
DEN,Denver,CVG,Cincinnati,2023-12-04T17:30,2023-12-04T23:05,119.32,USD,American Airlines,AA,American Airlines,AA,AA1915,455.0,3,"https://flights-us.gotogate.com/air/CVGDEN04DEC/1/-/d/c:Y?selectionKey=AA1915-04Dec23-B_AA2404-04Dec23-B,15bjgau"
DEN,Denver,CVG,Cincinnati,2023-12-04T11:34,2023-12-04T15:45,120.85,USD,American Airlines,AA,American Airlines,AA,AA231,371.0,3,"https://flights-us.gotogate.com/air/CVGDEN04DEC/1/-/d/c:Y?selectionKey=AA231-04Dec23-B_AA1832-04Dec23-B,136muxb"
DEN,Denver,CVG,Cincinnati,2023-12-04T13:20,2023-12-04T17:43,120.85,USD,American Airlines,AA,American Airlines,AA,AA1581,383.0,3,"https://flights-us.gotogate.com/air/CVGDEN04DEC/1/-/d/c:Y?selectionKey=AA1581-04Dec23-B_AA1322-04Dec23-B,1597683"
DEN,Denver,CVG,Cincinnati,2023-12-04T17:00,2023-12-04T22:03,120.85,USD,American Airlines,AA,Republic Airways As American Eagle,AA,AA4777,423.0,3,"https://flights-us.gotogate.com/air/CVGDEN04DEC/1/-/d/c:Y?selectionKey=AA4777-04Dec23-B_AA1387-04Dec23-B,15r6q1k"
DEN,Denver,CVG,Cincinnati,2023-12-05T06:45,2023-12-05T08:15,35.78,USD,Frontier Airlines,F9,Frontier Airlines,F9,F94127,210.0,1,"https://flights-us.gotogate.com/air/CVGDEN05DEC/1/-/d/c:Y?selectionKey=F94127-05Dec23-Z,axywxr"
DEN,Denver,CVG,Cincinnati,2023-12-05T08:57,2023-12-05T10:10,97.23,USD,United Airlines,UA,United Airlines,UA,UA497,193.0,1,"https://flights-us.gotogate.com/air/CVGDEN05DEC/1/-/d/c:Y?selectionKey=UA497-05Dec23-N,aflbfj"
DEN,Denver,CVG,Cincinnati,2023-12-05T15:25,2023-12-05T16:39,97.23,USD,United Airlines,UA,United Airlines,UA,UA479,194.0,1,"https://flights-us.gotogate.com/air/CVGDEN05DEC/1/-/d/c:Y?selectionKey=UA479-05Dec23-N,afiian"
DEN,Denver,CVG,Cincinnati,2023-12-05T05:27,2023-12-05T09:29,100.61,USD,American Airlines,AA,American Airlines,AA,AA807,362.0,3,"https://flights-us.gotogate.com/air/CVGDEN05DEC/1/-/d/c:Y?selectionKey=AA807-05Dec23-B_AA2357-05Dec23-B,13kahp9"
DEN,Denver,CVG,Cincinnati,2023-12-05T12:05,2023-12-05T16:46,99.04,USD,American Airlines,AA,American Airlines,AA,AA1775,401.0,3,"https://flights-us.gotogate.com/air/CVGDEN05DEC/1/-/d/c:Y?selectionKey=AA1775-05Dec23-B_AA291-05Dec23-B,13e4jz1"
DEN,Denver,CVG,Cincinnati,2023-12-05T06:30,2023-12-05T12:31,99.04,USD,American Airlines,AA,American Airlines,AA,AA1756,481.0,3,"https://flights-us.gotogate.com/air/CVGDEN05DEC/1/-/d/c:Y?selectionKey=AA1756-05Dec23-B_AA1328-05Dec23-B,15ieo9b"
DEN,Denver,CVG,Cincinnati,2023-12-05T08:44,2023-12-05T15:18,99.04,USD,American Airlines,AA,Psa Airlines As American Eagle,AA,AA5375,514.0,3,"https://flights-us.gotogate.com/air/CVGDEN05DEC/1/-/d/c:Y?selectionKey=AA5375-05Dec23-B_AA1283-05Dec23-B,15jyuz4"
DEN,Denver,CVG,Cincinnati,2023-12-05T12:05,2023-12-05T18:54,99.04,USD,American Airlines,AA,American Airlines,AA,AA1775,529.0,3,"https://flights-us.gotogate.com/air/CVGDEN05DEC/1/-/d/c:Y?selectionKey=AA1775-05Dec23-B_AA1636-05Dec23-B,15kxz6a"
DEN,Denver,CVG,Cincinnati,2023-12-05T09:44,2023-12-05T13:47,100.61,USD,American Airlines,AA,American Airlines,AA,AA808,363.0,3,"https://flights-us.gotogate.com/air/CVGDEN05DEC/1/-/d/c:Y?selectionKey=AA808-05Dec23-B_AA420-05Dec23-B,11d1m8y"
DEN,Denver,CVG,Cincinnati,2023-12-05T13:16,2023-12-05T17:43,100.61,USD,American Airlines,AA,American Airlines,AA,AA1581,387.0,3,"https://flights-us.gotogate.com/air/CVGDEN05DEC/1/-/d/c:Y?selectionKey=AA1581-05Dec23-B_AA1322-05Dec23-B,15an58l"
